Fecha,CUT,Comuna,Region,Confirmados Acumulados
18-03-2020,15101,Arica,AP,1
19-03-2020,15101,Arica,AP,1
20-03-2020,15101,Arica,AP,1
21-03-2020,15101,Arica,AP,1
22-03-2020,15101,Arica,AP,2
23-03-2020,15101,Arica,AP,2
24-03-2020,15101,Arica,AP,2
25-03-2020,15101,Arica,AP,2
26-03-2020,15101,Arica,AP,3
27-03-2020,15101,Arica,AP,3
28-03-2020,15101,Arica,AP,3
29-03-2020,15101,Arica,AP,6
30-03-2020,15101,Arica,AP,6
31-03-2020,15101,Arica,AP,6
01-04-2020,15101,Arica,AP,7
02-04-2020,15101,Arica,AP,11
03-04-2020,15101,Arica,AP,12
04-04-2020,15101,Arica,AP,28
05-04-2020,15101,Arica,AP,32
06-04-2020,15101,Arica,AP,54
07-04-2020,15101,Arica,AP,54
08-04-2020,15101,Arica,AP,63
09-04-2020,15101,Arica,AP,75
10-04-2020,15101,Arica,AP,87
11-04-2020,15101,Arica,AP,107
31-03-2020,1107,Alto Hospicio,TA,2
01-04-2020,1107,Alto Hospicio,TA,2
02-04-2020,1107,Alto Hospicio,TA,3
03-04-2020,1107,Alto Hospicio,TA,3
04-04-2020,1107,Alto Hospicio,TA,3
05-04-2020,1107,Alto Hospicio,TA,4
06-04-2020,1107,Alto Hospicio,TA,5
07-04-2020,1107,Alto Hospicio,TA,7
08-04-2020,1107,Alto Hospicio,TA,7
09-04-2020,1107,Alto Hospicio,TA,8
10-04-2020,1107,Alto Hospicio,TA,9
11-04-2020,1107,Alto Hospicio,TA,9
04-04-2020,1405,Pica,TA,1
05-04-2020,1405,Pica,TA,1
06-04-2020,1405,Pica,TA,1
07-04-2020,1405,Pica,TA,1
08-04-2020,1405,Pica,TA,1
09-04-2020,1405,Pica,TA,2
10-04-2020,1405,Pica,TA,3
11-04-2020,1405,Pica,TA,5
05-04-2020,1401,Pozo Almonte,TA,2
06-04-2020,1401,Pozo Almonte,TA,2
07-04-2020,1401,Pozo Almonte,TA,2
08-04-2020,1401,Pozo Almonte,TA,2
09-04-2020,1401,Pozo Almonte,TA,2
10-04-2020,1401,Pozo Almonte,TA,2
11-04-2020,1401,Pozo Almonte,TA,2
22-03-2020,1101,Iquique,TA,1
23-03-2020,1101,Iquique,TA,4
24-03-2020,1101,Iquique,TA,4
25-03-2020,1101,Iquique,TA,5
26-03-2020,1101,Iquique,TA,5
27-03-2020,1101,Iquique,TA,5
28-03-2020,1101,Iquique,TA,6
29-03-2020,1101,Iquique,TA,8
30-03-2020,1101,Iquique,TA,8
31-03-2020,1101,Iquique,TA,9
01-04-2020,1101,Iquique,TA,9
02-04-2020,1101,Iquique,TA,10
03-04-2020,1101,Iquique,TA,12
04-04-2020,1101,Iquique,TA,13
05-04-2020,1101,Iquique,TA,13
06-04-2020,1101,Iquique,TA,13
07-04-2020,1101,Iquique,TA,13
08-04-2020,1101,Iquique,TA,16
09-04-2020,1101,Iquique,TA,17
10-04-2020,1101,Iquique,TA,21
11-04-2020,1101,Iquique,TA,22
19-03-2020,2101,Antofagasta,AN,2
20-03-2020,2101,Antofagasta,AN,6
21-03-2020,2101,Antofagasta,AN,7
22-03-2020,2101,Antofagasta,AN,7
23-03-2020,2101,Antofagasta,AN,9
24-03-2020,2101,Antofagasta,AN,15
25-03-2020,2101,Antofagasta,AN,16
26-03-2020,2101,Antofagasta,AN,17
27-03-2020,2101,Antofagasta,AN,18
28-03-2020,2101,Antofagasta,AN,22
29-03-2020,2101,Antofagasta,AN,29
30-03-2020,2101,Antofagasta,AN,29
31-03-2020,2101,Antofagasta,AN,29
01-04-2020,2101,Antofagasta,AN,32
02-04-2020,2101,Antofagasta,AN,38
03-04-2020,2101,Antofagasta,AN,44
04-04-2020,2101,Antofagasta,AN,44
05-04-2020,2101,Antofagasta,AN,49
06-04-2020,2101,Antofagasta,AN,54
07-04-2020,2101,Antofagasta,AN,54
08-04-2020,2101,Antofagasta,AN,59
09-04-2020,2101,Antofagasta,AN,69
10-04-2020,2101,Antofagasta,AN,82
11-04-2020,2101,Antofagasta,AN,87
14-03-2020,2201,Calama,AN,2
15-03-2020,2201,Calama,AN,2
16-03-2020,2201,Calama,AN,2
17-03-2020,2201,Calama,AN,2
18-03-2020,2201,Calama,AN,2
19-03-2020,2201,Calama,AN,2
20-03-2020,2201,Calama,AN,2
21-03-2020,2201,Calama,AN,2
22-03-2020,2201,Calama,AN,2
23-03-2020,2201,Calama,AN,2
24-03-2020,2201,Calama,AN,2
25-03-2020,2201,Calama,AN,2
26-03-2020,2201,Calama,AN,2
27-03-2020,2201,Calama,AN,3
28-03-2020,2201,Calama,AN,3
29-03-2020,2201,Calama,AN,3
30-03-2020,2201,Calama,AN,3
31-03-2020,2201,Calama,AN,3
01-04-2020,2201,Calama,AN,3
02-04-2020,2201,Calama,AN,5
03-04-2020,2201,Calama,AN,5
04-04-2020,2201,Calama,AN,6
05-04-2020,2201,Calama,AN,6
06-04-2020,2201,Calama,AN,7
07-04-2020,2201,Calama,AN,8
08-04-2020,2201,Calama,AN,9
09-04-2020,2201,Calama,AN,12
10-04-2020,2201,Calama,AN,13
11-04-2020,2201,Calama,AN,15
19-03-2020,2301,Tocopilla,AN,2
20-03-2020,2301,Tocopilla,AN,2
21-03-2020,2301,Tocopilla,AN,2
22-03-2020,2301,Tocopilla,AN,2
23-03-2020,2301,Tocopilla,AN,2
24-03-2020,2301,Tocopilla,AN,2
25-03-2020,2301,Tocopilla,AN,2
26-03-2020,2301,Tocopilla,AN,2
27-03-2020,2301,Tocopilla,AN,2
28-03-2020,2301,Tocopilla,AN,2
29-03-2020,2301,Tocopilla,AN,2
30-03-2020,2301,Tocopilla,AN,2
31-03-2020,2301,Tocopilla,AN,2
01-04-2020,2301,Tocopilla,AN,2
02-04-2020,2301,Tocopilla,AN,2
03-04-2020,2301,Tocopilla,AN,2
04-04-2020,2301,Tocopilla,AN,2
05-04-2020,2301,Tocopilla,AN,2
06-04-2020,2301,Tocopilla,AN,2
07-04-2020,2301,Tocopilla,AN,2
08-04-2020,2301,Tocopilla,AN,2
09-04-2020,2301,Tocopilla,AN,2
10-04-2020,2301,Tocopilla,AN,2
11-04-2020,2301,Tocopilla,AN,2
06-04-2020,2102,Mejillones,AN,1
07-04-2020,2102,Mejillones,AN,1
08-04-2020,2102,Mejillones,AN,2
09-04-2020,2102,Mejillones,AN,4
10-04-2020,2102,Mejillones,AN,6
11-04-2020,2102,Mejillones,AN,6
08-04-2020,2104,Taltal,AN,1
09-04-2020,2104,Taltal,AN,1
10-04-2020,2104,Taltal,AN,3
11-04-2020,2104,Taltal,AN,3
30-03-2020,2203,San Pedro de Atacama,AN,1
31-03-2020,2203,San Pedro de Atacama,AN,1
01-04-2020,2203,San Pedro de Atacama,AN,2
02-04-2020,2203,San Pedro de Atacama,AN,2
03-04-2020,2203,San Pedro de Atacama,AN,3
04-04-2020,2203,San Pedro de Atacama,AN,3
05-04-2020,2203,San Pedro de Atacama,AN,3
06-04-2020,2203,San Pedro de Atacama,AN,4
07-04-2020,2203,San Pedro de Atacama,AN,4
08-04-2020,2203,San Pedro de Atacama,AN,4
09-04-2020,2203,San Pedro de Atacama,AN,4
10-04-2020,2203,San Pedro de Atacama,AN,4
11-04-2020,2203,San Pedro de Atacama,AN,4
15-03-2020,3101,Copiapó,AT,1
16-03-2020,3101,Copiapó,AT,1
17-03-2020,3101,Copiapó,AT,1
18-03-2020,3101,Copiapó,AT,1
19-03-2020,3101,Copiapó,AT,1
20-03-2020,3101,Copiapó,AT,1
21-03-2020,3101,Copiapó,AT,1
22-03-2020,3101,Copiapó,AT,1
23-03-2020,3101,Copiapó,AT,1
24-03-2020,3101,Copiapó,AT,1
25-03-2020,3101,Copiapó,AT,1
26-03-2020,3101,Copiapó,AT,1
27-03-2020,3101,Copiapó,AT,1
28-03-2020,3101,Copiapó,AT,1
29-03-2020,3101,Copiapó,AT,1
30-03-2020,3101,Copiapó,AT,1
31-03-2020,3101,Copiapó,AT,1
01-04-2020,3101,Copiapó,AT,2
02-04-2020,3101,Copiapó,AT,2
03-04-2020,3101,Copiapó,AT,4
04-04-2020,3101,Copiapó,AT,4
05-04-2020,3101,Copiapó,AT,4
06-04-2020,3101,Copiapó,AT,4
07-04-2020,3101,Copiapó,AT,5
08-04-2020,3101,Copiapó,AT,5
09-04-2020,3101,Copiapó,AT,5
10-04-2020,3101,Copiapó,AT,8
11-04-2020,3101,Copiapó,AT,8
07-04-2020,3103,Tierra Amarilla,AT,1
08-04-2020,3103,Tierra Amarilla,AT,2
09-04-2020,3103,Tierra Amarilla,AT,4
10-04-2020,3103,Tierra Amarilla,AT,4
11-04-2020,3103,Tierra Amarilla,AT,4
28-03-2020,3202,Diego de Almagro,AT,1
29-03-2020,3202,Diego de Almagro,AT,1
30-03-2020,3202,Diego de Almagro,AT,1
31-03-2020,3202,Diego de Almagro,AT,1
01-04-2020,3202,Diego de Almagro,AT,1
02-04-2020,3202,Diego de Almagro,AT,1
03-04-2020,3202,Diego de Almagro,AT,1
04-04-2020,3202,Diego de Almagro,AT,1
05-04-2020,3202,Diego de Almagro,AT,1
06-04-2020,3202,Diego de Almagro,AT,1
07-04-2020,3202,Diego de Almagro,AT,1
08-04-2020,3202,Diego de Almagro,AT,1
09-04-2020,3202,Diego de Almagro,AT,1
10-04-2020,3202,Diego de Almagro,AT,1
11-04-2020,3202,Diego de Almagro,AT,1
18-03-2020,4102,Coquimbo,CO,2
19-03-2020,4102,Coquimbo,CO,2
20-03-2020,4102,Coquimbo,CO,2
21-03-2020,4102,Coquimbo,CO,4
22-03-2020,4102,Coquimbo,CO,5
23-03-2020,4102,Coquimbo,CO,8
24-03-2020,4102,Coquimbo,CO,9
25-03-2020,4102,Coquimbo,CO,10
26-03-2020,4102,Coquimbo,CO,10
27-03-2020,4102,Coquimbo,CO,10
28-03-2020,4102,Coquimbo,CO,10
29-03-2020,4102,Coquimbo,CO,11
30-03-2020,4102,Coquimbo,CO,17
31-03-2020,4102,Coquimbo,CO,18
01-04-2020,4102,Coquimbo,CO,19
02-04-2020,4102,Coquimbo,CO,19
03-04-2020,4102,Coquimbo,CO,19
04-04-2020,4102,Coquimbo,CO,19
05-04-2020,4102,Coquimbo,CO,19
06-04-2020,4102,Coquimbo,CO,19
07-04-2020,4102,Coquimbo,CO,19
08-04-2020,4102,Coquimbo,CO,20
09-04-2020,4102,Coquimbo,CO,20
10-04-2020,4102,Coquimbo,CO,20
11-04-2020,4102,Coquimbo,CO,20
24-03-2020,4301,Ovalle,CO,1
25-03-2020,4301,Ovalle,CO,1
26-03-2020,4301,Ovalle,CO,1
27-03-2020,4301,Ovalle,CO,1
28-03-2020,4301,Ovalle,CO,2
29-03-2020,4301,Ovalle,CO,3
30-03-2020,4301,Ovalle,CO,4
31-03-2020,4301,Ovalle,CO,4
01-04-2020,4301,Ovalle,CO,4
02-04-2020,4301,Ovalle,CO,4
03-04-2020,4301,Ovalle,CO,4
04-04-2020,4301,Ovalle,CO,7
05-04-2020,4301,Ovalle,CO,7
06-04-2020,4301,Ovalle,CO,7
07-04-2020,4301,Ovalle,CO,7
08-04-2020,4301,Ovalle,CO,7
09-04-2020,4301,Ovalle,CO,8
10-04-2020,4301,Ovalle,CO,8
11-04-2020,4301,Ovalle,CO,8
30-03-2020,4101,La Serena,CO,2
31-03-2020,4101,La Serena,CO,2
01-04-2020,4101,La Serena,CO,3
02-04-2020,4101,La Serena,CO,3
03-04-2020,4101,La Serena,CO,8
04-04-2020,4101,La Serena,CO,11
05-04-2020,4101,La Serena,CO,11
06-04-2020,4101,La Serena,CO,12
07-04-2020,4101,La Serena,CO,12
08-04-2020,4101,La Serena,CO,12
09-04-2020,4101,La Serena,CO,12
10-04-2020,4101,La Serena,CO,12
11-04-2020,4101,La Serena,CO,12
19-03-2020,4204,Salamanca,CO,1
20-03-2020,4204,Salamanca,CO,1
21-03-2020,4204,Salamanca,CO,1
22-03-2020,4204,Salamanca,CO,1
23-03-2020,4204,Salamanca,CO,1
24-03-2020,4204,Salamanca,CO,1
25-03-2020,4204,Salamanca,CO,1
26-03-2020,4204,Salamanca,CO,1
27-03-2020,4204,Salamanca,CO,1
28-03-2020,4204,Salamanca,CO,2
29-03-2020,4204,Salamanca,CO,2
30-03-2020,4204,Salamanca,CO,2
31-03-2020,4204,Salamanca,CO,2
01-04-2020,4204,Salamanca,CO,2
02-04-2020,4204,Salamanca,CO,2
03-04-2020,4204,Salamanca,CO,3
04-04-2020,4204,Salamanca,CO,3
05-04-2020,4204,Salamanca,CO,4
06-04-2020,4204,Salamanca,CO,4
07-04-2020,4204,Salamanca,CO,4
08-04-2020,4204,Salamanca,CO,4
09-04-2020,4204,Salamanca,CO,6
10-04-2020,4204,Salamanca,CO,6
11-04-2020,4204,Salamanca,CO,6
26-03-2020,4203,Los Vilos,CO,1
27-03-2020,4203,Los Vilos,CO,1
28-03-2020,4203,Los Vilos,CO,1
29-03-2020,4203,Los Vilos,CO,1
30-03-2020,4203,Los Vilos,CO,1
31-03-2020,4203,Los Vilos,CO,1
01-04-2020,4203,Los Vilos,CO,1
02-04-2020,4203,Los Vilos,CO,1
03-04-2020,4203,Los Vilos,CO,1
04-04-2020,4203,Los Vilos,CO,1
05-04-2020,4203,Los Vilos,CO,1
06-04-2020,4203,Los Vilos,CO,1
07-04-2020,4203,Los Vilos,CO,1
08-04-2020,4203,Los Vilos,CO,1
09-04-2020,4203,Los Vilos,CO,1
10-04-2020,4203,Los Vilos,CO,1
11-04-2020,4203,Los Vilos,CO,1
03-04-2020,4201,Illapel,CO,1
04-04-2020,4201,Illapel,CO,2
05-04-2020,4201,Illapel,CO,7
06-04-2020,4201,Illapel,CO,7
07-04-2020,4201,Illapel,CO,8
08-04-2020,4201,Illapel,CO,11
09-04-2020,4201,Illapel,CO,13
10-04-2020,4201,Illapel,CO,13
11-04-2020,4201,Illapel,CO,18
27-03-2020,4305,Río Hurtado,CO,1
28-03-2020,4305,Río Hurtado,CO,1
29-03-2020,4305,Río Hurtado,CO,1
30-03-2020,4305,Río Hurtado,CO,1
31-03-2020,4305,Río Hurtado,CO,1
01-04-2020,4305,Río Hurtado,CO,1
02-04-2020,4305,Río Hurtado,CO,1
03-04-2020,4305,Río Hurtado,CO,1
04-04-2020,4305,Río Hurtado,CO,1
05-04-2020,4305,Río Hurtado,CO,1
06-04-2020,4305,Río Hurtado,CO,1
07-04-2020,4305,Río Hurtado,CO,1
08-04-2020,4305,Río Hurtado,CO,1
09-04-2020,4305,Río Hurtado,CO,1
10-04-2020,4305,Río Hurtado,CO,1
11-04-2020,4305,Río Hurtado,CO,1
26-03-2020,5602,Algarrobo,VS,2
27-03-2020,5602,Algarrobo,VS,2
28-03-2020,5602,Algarrobo,VS,7
29-03-2020,5602,Algarrobo,VS,7
30-03-2020,5602,Algarrobo,VS,9
31-03-2020,5602,Algarrobo,VS,9
01-04-2020,5602,Algarrobo,VS,9
02-04-2020,5602,Algarrobo,VS,9
03-04-2020,5602,Algarrobo,VS,9
04-04-2020,5602,Algarrobo,VS,9
05-04-2020,5602,Algarrobo,VS,9
06-04-2020,5602,Algarrobo,VS,9
07-04-2020,5602,Algarrobo,VS,9
08-04-2020,5602,Algarrobo,VS,9
09-04-2020,5602,Algarrobo,VS,9
10-04-2020,5602,Algarrobo,VS,9
11-04-2020,5602,Algarrobo,VS,9
28-03-2020,5999,Barco Isabela Island,VS,2
29-03-2020,5999,Barco Isabela Island,VS,2
30-03-2020,5999,Barco Isabela Island,VS,2
31-03-2020,5999,Barco Isabela Island,VS,2
01-04-2020,5999,Barco Isabela Island,VS,5
02-04-2020,5999,Barco Isabela Island,VS,5
03-04-2020,5999,Barco Isabela Island,VS,5
04-04-2020,5999,Barco Isabela Island,VS,5
05-04-2020,5999,Barco Isabela Island,VS,5
06-04-2020,5999,Barco Isabela Island,VS,5
07-04-2020,5999,Barco Isabela Island,VS,5
08-04-2020,5999,Barco Isabela Island,VS,5
09-04-2020,5999,Barco Isabela Island,VS,5
10-04-2020,5999,Barco Isabela Island,VS,6
11-04-2020,5999,Barco Isabela Island,VS,6
01-04-2020,5302,Calle Larga,VS,1
02-04-2020,5302,Calle Larga,VS,1
03-04-2020,5302,Calle Larga,VS,2
04-04-2020,5302,Calle Larga,VS,2
05-04-2020,5302,Calle Larga,VS,2
06-04-2020,5302,Calle Larga,VS,2
07-04-2020,5302,Calle Larga,VS,2
08-04-2020,5302,Calle Larga,VS,2
09-04-2020,5302,Calle Larga,VS,3
10-04-2020,5302,Calle Larga,VS,3
11-04-2020,5302,Calle Larga,VS,3
04-04-2020,5603,Cartagena,VS,1
05-04-2020,5603,Cartagena,VS,1
06-04-2020,5603,Cartagena,VS,1
07-04-2020,5603,Cartagena,VS,1
08-04-2020,5603,Cartagena,VS,1
09-04-2020,5603,Cartagena,VS,1
10-04-2020,5603,Cartagena,VS,1
11-04-2020,5603,Cartagena,VS,1
24-03-2020,5102,Casablanca,VS,1
25-03-2020,5102,Casablanca,VS,1
26-03-2020,5102,Casablanca,VS,2
27-03-2020,5102,Casablanca,VS,2
28-03-2020,5102,Casablanca,VS,2
29-03-2020,5102,Casablanca,VS,2
30-03-2020,5102,Casablanca,VS,2
31-03-2020,5102,Casablanca,VS,2
01-04-2020,5102,Casablanca,VS,2
02-04-2020,5102,Casablanca,VS,2
03-04-2020,5102,Casablanca,VS,2
04-04-2020,5102,Casablanca,VS,3
05-04-2020,5102,Casablanca,VS,3
06-04-2020,5102,Casablanca,VS,3
07-04-2020,5102,Casablanca,VS,3
08-04-2020,5102,Casablanca,VS,3
09-04-2020,5102,Casablanca,VS,3
10-04-2020,5102,Casablanca,VS,3
11-04-2020,5102,Casablanca,VS,3
18-03-2020,5103,Concón,VS,1
19-03-2020,5103,Concón,VS,1
20-03-2020,5103,Concón,VS,1
21-03-2020,5103,Concón,VS,1
22-03-2020,5103,Concón,VS,1
23-03-2020,5103,Concón,VS,1
24-03-2020,5103,Concón,VS,1
25-03-2020,5103,Concón,VS,1
26-03-2020,5103,Concón,VS,1
27-03-2020,5103,Concón,VS,1
28-03-2020,5103,Concón,VS,1
29-03-2020,5103,Concón,VS,2
30-03-2020,5103,Concón,VS,2
31-03-2020,5103,Concón,VS,3
01-04-2020,5103,Concón,VS,3
02-04-2020,5103,Concón,VS,3
03-04-2020,5103,Concón,VS,7
04-04-2020,5103,Concón,VS,7
05-04-2020,5103,Concón,VS,7
06-04-2020,5103,Concón,VS,7
07-04-2020,5103,Concón,VS,8
08-04-2020,5103,Concón,VS,9
09-04-2020,5103,Concón,VS,9
10-04-2020,5103,Concón,VS,9
11-04-2020,5103,Concón,VS,9
02-04-2020,5604,El Quisco,VS,1
03-04-2020,5604,El Quisco,VS,1
04-04-2020,5604,El Quisco,VS,1
05-04-2020,5604,El Quisco,VS,1
06-04-2020,5604,El Quisco,VS,1
07-04-2020,5604,El Quisco,VS,1
08-04-2020,5604,El Quisco,VS,1
09-04-2020,5604,El Quisco,VS,1
10-04-2020,5604,El Quisco,VS,1
11-04-2020,5604,El Quisco,VS,1
30-03-2020,5605,El Tabo,VS,1
31-03-2020,5605,El Tabo,VS,1
01-04-2020,5605,El Tabo,VS,1
02-04-2020,5605,El Tabo,VS,3
03-04-2020,5605,El Tabo,VS,3
04-04-2020,5605,El Tabo,VS,3
05-04-2020,5605,El Tabo,VS,3
06-04-2020,5605,El Tabo,VS,3
07-04-2020,5605,El Tabo,VS,3
08-04-2020,5605,El Tabo,VS,3
09-04-2020,5605,El Tabo,VS,3
10-04-2020,5605,El Tabo,VS,3
11-04-2020,5605,El Tabo,VS,3
24-03-2020,5201,Isla de Pascua,VS,1
25-03-2020,5201,Isla de Pascua,VS,1
26-03-2020,5201,Isla de Pascua,VS,1
27-03-2020,5201,Isla de Pascua,VS,2
28-03-2020,5201,Isla de Pascua,VS,2
29-03-2020,5201,Isla de Pascua,VS,2
30-03-2020,5201,Isla de Pascua,VS,2
31-03-2020,5201,Isla de Pascua,VS,2
01-04-2020,5201,Isla de Pascua,VS,5
02-04-2020,5201,Isla de Pascua,VS,5
03-04-2020,5201,Isla de Pascua,VS,5
04-04-2020,5201,Isla de Pascua,VS,5
05-04-2020,5201,Isla de Pascua,VS,5
06-04-2020,5201,Isla de Pascua,VS,5
07-04-2020,5201,Isla de Pascua,VS,5
08-04-2020,5201,Isla de Pascua,VS,5
09-04-2020,5201,Isla de Pascua,VS,5
10-04-2020,5201,Isla de Pascua,VS,5
11-04-2020,5201,Isla de Pascua,VS,5
27-03-2020,5502,La Calera,VS,5
28-03-2020,5502,La Calera,VS,5
29-03-2020,5502,La Calera,VS,5
30-03-2020,5502,La Calera,VS,5
31-03-2020,5502,La Calera,VS,5
01-04-2020,5502,La Calera,VS,5
02-04-2020,5502,La Calera,VS,5
03-04-2020,5502,La Calera,VS,7
04-04-2020,5502,La Calera,VS,7
05-04-2020,5502,La Calera,VS,7
06-04-2020,5502,La Calera,VS,7
07-04-2020,5502,La Calera,VS,8
08-04-2020,5502,La Calera,VS,8
09-04-2020,5502,La Calera,VS,8
10-04-2020,5502,La Calera,VS,8
11-04-2020,5502,La Calera,VS,8
22-03-2020,5504,La Cruz,VS,1
23-03-2020,5504,La Cruz,VS,1
24-03-2020,5504,La Cruz,VS,1
25-03-2020,5504,La Cruz,VS,2
26-03-2020,5504,La Cruz,VS,2
27-03-2020,5504,La Cruz,VS,2
28-03-2020,5504,La Cruz,VS,2
29-03-2020,5504,La Cruz,VS,2
30-03-2020,5504,La Cruz,VS,2
31-03-2020,5504,La Cruz,VS,2
01-04-2020,5504,La Cruz,VS,2
02-04-2020,5504,La Cruz,VS,2
03-04-2020,5504,La Cruz,VS,2
04-04-2020,5504,La Cruz,VS,2
05-04-2020,5504,La Cruz,VS,2
06-04-2020,5504,La Cruz,VS,2
07-04-2020,5504,La Cruz,VS,3
08-04-2020,5504,La Cruz,VS,4
09-04-2020,5504,La Cruz,VS,4
10-04-2020,5504,La Cruz,VS,4
11-04-2020,5504,La Cruz,VS,4
24-03-2020,5401,La Ligua,VS,1
25-03-2020,5401,La Ligua,VS,1
26-03-2020,5401,La Ligua,VS,1
27-03-2020,5401,La Ligua,VS,1
28-03-2020,5401,La Ligua,VS,1
29-03-2020,5401,La Ligua,VS,1
30-03-2020,5401,La Ligua,VS,1
31-03-2020,5401,La Ligua,VS,1
01-04-2020,5401,La Ligua,VS,1
02-04-2020,5401,La Ligua,VS,2
03-04-2020,5401,La Ligua,VS,2
04-04-2020,5401,La Ligua,VS,2
05-04-2020,5401,La Ligua,VS,2
06-04-2020,5401,La Ligua,VS,2
07-04-2020,5401,La Ligua,VS,2
08-04-2020,5401,La Ligua,VS,2
09-04-2020,5401,La Ligua,VS,2
10-04-2020,5401,La Ligua,VS,2
11-04-2020,5401,La Ligua,VS,2
25-03-2020,5802,Limache,VS,2
26-03-2020,5802,Limache,VS,2
27-03-2020,5802,Limache,VS,2
28-03-2020,5802,Limache,VS,2
29-03-2020,5802,Limache,VS,2
30-03-2020,5802,Limache,VS,2
31-03-2020,5802,Limache,VS,2
01-04-2020,5802,Limache,VS,2
02-04-2020,5802,Limache,VS,2
03-04-2020,5802,Limache,VS,3
04-04-2020,5802,Limache,VS,3
05-04-2020,5802,Limache,VS,3
06-04-2020,5802,Limache,VS,4
07-04-2020,5802,Limache,VS,4
08-04-2020,5802,Limache,VS,4
09-04-2020,5802,Limache,VS,4
10-04-2020,5802,Limache,VS,6
11-04-2020,5802,Limache,VS,6
23-03-2020,5703,Llaillay,VS,1
24-03-2020,5703,Llaillay,VS,1
25-03-2020,5703,Llaillay,VS,1
26-03-2020,5703,Llaillay,VS,1
27-03-2020,5703,Llaillay,VS,1
28-03-2020,5703,Llaillay,VS,1
29-03-2020,5703,Llaillay,VS,1
30-03-2020,5703,Llaillay,VS,1
31-03-2020,5703,Llaillay,VS,1
01-04-2020,5703,Llaillay,VS,1
02-04-2020,5703,Llaillay,VS,2
03-04-2020,5703,Llaillay,VS,2
04-04-2020,5703,Llaillay,VS,3
05-04-2020,5703,Llaillay,VS,3
06-04-2020,5703,Llaillay,VS,3
07-04-2020,5703,Llaillay,VS,3
08-04-2020,5703,Llaillay,VS,3
09-04-2020,5703,Llaillay,VS,3
10-04-2020,5703,Llaillay,VS,3
11-04-2020,5703,Llaillay,VS,3
24-03-2020,5301,Los Andes,VS,1
25-03-2020,5301,Los Andes,VS,1
26-03-2020,5301,Los Andes,VS,2
27-03-2020,5301,Los Andes,VS,2
28-03-2020,5301,Los Andes,VS,2
29-03-2020,5301,Los Andes,VS,2
30-03-2020,5301,Los Andes,VS,2
31-03-2020,5301,Los Andes,VS,2
01-04-2020,5301,Los Andes,VS,2
02-04-2020,5301,Los Andes,VS,2
03-04-2020,5301,Los Andes,VS,2
04-04-2020,5301,Los Andes,VS,2
05-04-2020,5301,Los Andes,VS,2
06-04-2020,5301,Los Andes,VS,2
07-04-2020,5301,Los Andes,VS,3
08-04-2020,5301,Los Andes,VS,3
09-04-2020,5301,Los Andes,VS,4
10-04-2020,5301,Los Andes,VS,4
11-04-2020,5301,Los Andes,VS,4
27-03-2020,5403,Papudo,VS,1
28-03-2020,5403,Papudo,VS,1
29-03-2020,5403,Papudo,VS,1
30-03-2020,5403,Papudo,VS,1
31-03-2020,5403,Papudo,VS,1
01-04-2020,5403,Papudo,VS,1
02-04-2020,5403,Papudo,VS,1
03-04-2020,5403,Papudo,VS,1
04-04-2020,5403,Papudo,VS,1
05-04-2020,5403,Papudo,VS,1
06-04-2020,5403,Papudo,VS,1
07-04-2020,5403,Papudo,VS,1
08-04-2020,5403,Papudo,VS,1
09-04-2020,5403,Papudo,VS,1
10-04-2020,5403,Papudo,VS,1
11-04-2020,5403,Papudo,VS,1
30-03-2020,5404,Petorca,VS,1
31-03-2020,5404,Petorca,VS,1
01-04-2020,5404,Petorca,VS,1
02-04-2020,5404,Petorca,VS,1
03-04-2020,5404,Petorca,VS,1
04-04-2020,5404,Petorca,VS,3
05-04-2020,5404,Petorca,VS,4
06-04-2020,5404,Petorca,VS,5
07-04-2020,5404,Petorca,VS,6
08-04-2020,5404,Petorca,VS,6
09-04-2020,5404,Petorca,VS,6
10-04-2020,5404,Petorca,VS,6
11-04-2020,5404,Petorca,VS,6
26-03-2020,5705,Putaendo,VS,1
27-03-2020,5705,Putaendo,VS,1
28-03-2020,5705,Putaendo,VS,1
29-03-2020,5705,Putaendo,VS,1
30-03-2020,5705,Putaendo,VS,1
31-03-2020,5705,Putaendo,VS,1
01-04-2020,5705,Putaendo,VS,1
02-04-2020,5705,Putaendo,VS,1
03-04-2020,5705,Putaendo,VS,1
04-04-2020,5705,Putaendo,VS,1
05-04-2020,5705,Putaendo,VS,1
06-04-2020,5705,Putaendo,VS,1
07-04-2020,5705,Putaendo,VS,1
08-04-2020,5705,Putaendo,VS,1
09-04-2020,5705,Putaendo,VS,1
10-04-2020,5705,Putaendo,VS,1
11-04-2020,5705,Putaendo,VS,1
25-03-2020,5501,Quillota,VS,1
26-03-2020,5501,Quillota,VS,1
27-03-2020,5501,Quillota,VS,1
28-03-2020,5501,Quillota,VS,1
29-03-2020,5501,Quillota,VS,4
30-03-2020,5501,Quillota,VS,5
31-03-2020,5501,Quillota,VS,7
01-04-2020,5501,Quillota,VS,10
02-04-2020,5501,Quillota,VS,11
03-04-2020,5501,Quillota,VS,11
04-04-2020,5501,Quillota,VS,11
05-04-2020,5501,Quillota,VS,11
06-04-2020,5501,Quillota,VS,11
07-04-2020,5501,Quillota,VS,12
08-04-2020,5501,Quillota,VS,12
09-04-2020,5501,Quillota,VS,12
10-04-2020,5501,Quillota,VS,12
11-04-2020,5501,Quillota,VS,12
18-03-2020,5801,Quilpué,VS,1
19-03-2020,5801,Quilpué,VS,1
20-03-2020,5801,Quilpué,VS,2
21-03-2020,5801,Quilpué,VS,4
22-03-2020,5801,Quilpué,VS,4
23-03-2020,5801,Quilpué,VS,5
24-03-2020,5801,Quilpué,VS,5
25-03-2020,5801,Quilpué,VS,5
26-03-2020,5801,Quilpué,VS,5
27-03-2020,5801,Quilpué,VS,8
28-03-2020,5801,Quilpué,VS,11
29-03-2020,5801,Quilpué,VS,11
30-03-2020,5801,Quilpué,VS,12
31-03-2020,5801,Quilpué,VS,12
01-04-2020,5801,Quilpué,VS,12
02-04-2020,5801,Quilpué,VS,15
03-04-2020,5801,Quilpué,VS,15
04-04-2020,5801,Quilpué,VS,15
05-04-2020,5801,Quilpué,VS,15
06-04-2020,5801,Quilpué,VS,16
07-04-2020,5801,Quilpué,VS,18
08-04-2020,5801,Quilpué,VS,19
09-04-2020,5801,Quilpué,VS,19
10-04-2020,5801,Quilpué,VS,23
11-04-2020,5801,Quilpué,VS,23
24-03-2020,5107,Quintero,VS,1
25-03-2020,5107,Quintero,VS,1
26-03-2020,5107,Quintero,VS,1
27-03-2020,5107,Quintero,VS,1
28-03-2020,5107,Quintero,VS,1
29-03-2020,5107,Quintero,VS,1
30-03-2020,5107,Quintero,VS,1
31-03-2020,5107,Quintero,VS,1
01-04-2020,5107,Quintero,VS,1
02-04-2020,5107,Quintero,VS,1
03-04-2020,5107,Quintero,VS,1
04-04-2020,5107,Quintero,VS,1
05-04-2020,5107,Quintero,VS,1
06-04-2020,5107,Quintero,VS,1
07-04-2020,5107,Quintero,VS,1
08-04-2020,5107,Quintero,VS,1
09-04-2020,5107,Quintero,VS,1
10-04-2020,5107,Quintero,VS,1
11-04-2020,5107,Quintero,VS,2
07-04-2020,5303,Rinconada,VS,1
08-04-2020,5303,Rinconada,VS,1
09-04-2020,5303,Rinconada,VS,2
10-04-2020,5303,Rinconada,VS,2
11-04-2020,5303,Rinconada,VS,2
30-03-2020,5601,San Antonio,VS,1
31-03-2020,5601,San Antonio,VS,1
01-04-2020,5601,San Antonio,VS,2
02-04-2020,5601,San Antonio,VS,3
03-04-2020,5601,San Antonio,VS,8
04-04-2020,5601,San Antonio,VS,9
05-04-2020,5601,San Antonio,VS,9
06-04-2020,5601,San Antonio,VS,10
07-04-2020,5601,San Antonio,VS,10
08-04-2020,5601,San Antonio,VS,13
09-04-2020,5601,San Antonio,VS,14
10-04-2020,5601,San Antonio,VS,14
11-04-2020,5601,San Antonio,VS,15
22-03-2020,5701,San Felipe,VS,1
23-03-2020,5701,San Felipe,VS,1
24-03-2020,5701,San Felipe,VS,1
25-03-2020,5701,San Felipe,VS,1
26-03-2020,5701,San Felipe,VS,1
27-03-2020,5701,San Felipe,VS,3
28-03-2020,5701,San Felipe,VS,3
29-03-2020,5701,San Felipe,VS,5
30-03-2020,5701,San Felipe,VS,5
31-03-2020,5701,San Felipe,VS,5
01-04-2020,5701,San Felipe,VS,5
02-04-2020,5701,San Felipe,VS,5
03-04-2020,5701,San Felipe,VS,5
04-04-2020,5701,San Felipe,VS,5
05-04-2020,5701,San Felipe,VS,5
06-04-2020,5701,San Felipe,VS,5
07-04-2020,5701,San Felipe,VS,6
08-04-2020,5701,San Felipe,VS,6
09-04-2020,5701,San Felipe,VS,6
10-04-2020,5701,San Felipe,VS,6
11-04-2020,5701,San Felipe,VS,6
29-03-2020,5706,Santa María,VS,1
30-03-2020,5706,Santa María,VS,1
31-03-2020,5706,Santa María,VS,1
01-04-2020,5706,Santa María,VS,2
02-04-2020,5706,Santa María,VS,2
03-04-2020,5706,Santa María,VS,2
04-04-2020,5706,Santa María,VS,2
05-04-2020,5706,Santa María,VS,2
06-04-2020,5706,Santa María,VS,2
07-04-2020,5706,Santa María,VS,2
08-04-2020,5706,Santa María,VS,2
09-04-2020,5706,Santa María,VS,2
10-04-2020,5706,Santa María,VS,2
11-04-2020,5706,Santa María,VS,2
20-03-2020,5606,Santo Domingo,VS,1
30-03-2020,5606,Santo Domingo,VS,1
31-03-2020,5606,Santo Domingo,VS,1
01-04-2020,5606,Santo Domingo,VS,1
02-04-2020,5606,Santo Domingo,VS,1
03-04-2020,5606,Santo Domingo,VS,1
04-04-2020,5606,Santo Domingo,VS,2
05-04-2020,5606,Santo Domingo,VS,2
06-04-2020,5606,Santo Domingo,VS,3
07-04-2020,5606,Santo Domingo,VS,3
08-04-2020,5606,Santo Domingo,VS,3
09-04-2020,5606,Santo Domingo,VS,3
10-04-2020,5606,Santo Domingo,VS,3
11-04-2020,5606,Santo Domingo,VS,3
23-03-2020,5101,Valparaíso,VS,2
24-03-2020,5101,Valparaíso,VS,4
25-03-2020,5101,Valparaíso,VS,4
26-03-2020,5101,Valparaíso,VS,7
27-03-2020,5101,Valparaíso,VS,7
28-03-2020,5101,Valparaíso,VS,10
29-03-2020,5101,Valparaíso,VS,13
30-03-2020,5101,Valparaíso,VS,13
31-03-2020,5101,Valparaíso,VS,14
01-04-2020,5101,Valparaíso,VS,16
02-04-2020,5101,Valparaíso,VS,19
03-04-2020,5101,Valparaíso,VS,20
04-04-2020,5101,Valparaíso,VS,20
05-04-2020,5101,Valparaíso,VS,21
06-04-2020,5101,Valparaíso,VS,23
07-04-2020,5101,Valparaíso,VS,25
08-04-2020,5101,Valparaíso,VS,26
09-04-2020,5101,Valparaíso,VS,26
10-04-2020,5101,Valparaíso,VS,29
11-04-2020,5101,Valparaíso,VS,32
25-03-2020,5804,Villa Alemana,VS,2
26-03-2020,5804,Villa Alemana,VS,3
27-03-2020,5804,Villa Alemana,VS,3
28-03-2020,5804,Villa Alemana,VS,3
29-03-2020,5804,Villa Alemana,VS,5
30-03-2020,5804,Villa Alemana,VS,5
31-03-2020,5804,Villa Alemana,VS,6
01-04-2020,5804,Villa Alemana,VS,6
02-04-2020,5804,Villa Alemana,VS,6
03-04-2020,5804,Villa Alemana,VS,7
04-04-2020,5804,Villa Alemana,VS,7
05-04-2020,5804,Villa Alemana,VS,7
06-04-2020,5804,Villa Alemana,VS,7
07-04-2020,5804,Villa Alemana,VS,7
08-04-2020,5804,Villa Alemana,VS,7
09-04-2020,5804,Villa Alemana,VS,8
10-04-2020,5804,Villa Alemana,VS,8
11-04-2020,5804,Villa Alemana,VS,8
16-03-2020,5109,Viña del Mar,VS,1
17-03-2020,5109,Viña del Mar,VS,1
18-03-2020,5109,Viña del Mar,VS,2
19-03-2020,5109,Viña del Mar,VS,2
20-03-2020,5109,Viña del Mar,VS,4
21-03-2020,5109,Viña del Mar,VS,7
22-03-2020,5109,Viña del Mar,VS,9
23-03-2020,5109,Viña del Mar,VS,10
24-03-2020,5109,Viña del Mar,VS,10
25-03-2020,5109,Viña del Mar,VS,14
26-03-2020,5109,Viña del Mar,VS,15
27-03-2020,5109,Viña del Mar,VS,17
28-03-2020,5109,Viña del Mar,VS,21
29-03-2020,5109,Viña del Mar,VS,27
30-03-2020,5109,Viña del Mar,VS,30
31-03-2020,5109,Viña del Mar,VS,32
01-04-2020,5109,Viña del Mar,VS,39
02-04-2020,5109,Viña del Mar,VS,46
03-04-2020,5109,Viña del Mar,VS,51
04-04-2020,5109,Viña del Mar,VS,53
05-04-2020,5109,Viña del Mar,VS,57
06-04-2020,5109,Viña del Mar,VS,57
07-04-2020,5109,Viña del Mar,VS,61
08-04-2020,5109,Viña del Mar,VS,65
09-04-2020,5109,Viña del Mar,VS,65
10-04-2020,5109,Viña del Mar,VS,66
11-04-2020,5109,Viña del Mar,VS,68
30-03-2020,13402,Buin,RM,7
01-04-2020,13402,Buin,RM,8
03-04-2020,13402,Buin,RM,14
06-04-2020,13402,Buin,RM,20
08-04-2020,13402,Buin,RM,20
10-04-2020,13402,Buin,RM,29
30-03-2020,13403,Calera de Tango,RM,6
01-04-2020,13403,Calera de Tango,RM,7
03-04-2020,13403,Calera de Tango,RM,7
06-04-2020,13403,Calera de Tango,RM,7
08-04-2020,13403,Calera de Tango,RM,8
10-04-2020,13403,Calera de Tango,RM,8
30-03-2020,13102,Cerrillos,RM,3
01-04-2020,13102,Cerrillos,RM,4
03-04-2020,13102,Cerrillos,RM,4
06-04-2020,13102,Cerrillos,RM,5
08-04-2020,13102,Cerrillos,RM,11
10-04-2020,13102,Cerrillos,RM,21
30-03-2020,13103,Cerro Navia,RM,19
01-04-2020,13103,Cerro Navia,RM,21
03-04-2020,13103,Cerro Navia,RM,26
06-04-2020,13103,Cerro Navia,RM,31
08-04-2020,13103,Cerro Navia,RM,36
10-04-2020,13103,Cerro Navia,RM,42
30-03-2020,13301,Colina,RM,32
01-04-2020,13301,Colina,RM,39
03-04-2020,13301,Colina,RM,47
06-04-2020,13301,Colina,RM,50
08-04-2020,13301,Colina,RM,62
10-04-2020,13301,Colina,RM,66
30-03-2020,13104,Conchalí,RM,14
01-04-2020,13104,Conchalí,RM,18
03-04-2020,13104,Conchalí,RM,22
06-04-2020,13104,Conchalí,RM,32
08-04-2020,13104,Conchalí,RM,38
10-04-2020,13104,Conchalí,RM,47
30-03-2020,13503,Curacaví,RM,5
01-04-2020,13503,Curacaví,RM,5
03-04-2020,13503,Curacaví,RM,5
06-04-2020,13503,Curacaví,RM,8
08-04-2020,13503,Curacaví,RM,9
10-04-2020,13503,Curacaví,RM,10
30-03-2020,13105,El Bosque,RM,18
01-04-2020,13105,El Bosque,RM,28
03-04-2020,13105,El Bosque,RM,35
06-04-2020,13105,El Bosque,RM,37
08-04-2020,13105,El Bosque,RM,46
10-04-2020,13105,El Bosque,RM,64
30-03-2020,13602,El Monte,RM,1
01-04-2020,13602,El Monte,RM,1
03-04-2020,13602,El Monte,RM,2
06-04-2020,13602,El Monte,RM,5
08-04-2020,13602,El Monte,RM,7
10-04-2020,13602,El Monte,RM,9
30-03-2020,13106,Estación Central,RM,16
01-04-2020,13106,Estación Central,RM,22
03-04-2020,13106,Estación Central,RM,25
06-04-2020,13106,Estación Central,RM,36
08-04-2020,13106,Estación Central,RM,41
10-04-2020,13106,Estación Central,RM,61
30-03-2020,13107,Huechuraba,RM,17
01-04-2020,13107,Huechuraba,RM,19
03-04-2020,13107,Huechuraba,RM,22
06-04-2020,13107,Huechuraba,RM,32
08-04-2020,13107,Huechuraba,RM,35
10-04-2020,13107,Huechuraba,RM,38
30-03-2020,13108,Independencia,RM,15
01-04-2020,13108,Independencia,RM,17
03-04-2020,13108,Independencia,RM,22
06-04-2020,13108,Independencia,RM,26
08-04-2020,13108,Independencia,RM,31
10-04-2020,13108,Independencia,RM,37
01-04-2020,13603,Isla de Maipo,RM,1
03-04-2020,13603,Isla de Maipo,RM,1
06-04-2020,13603,Isla de Maipo,RM,4
08-04-2020,13603,Isla de Maipo,RM,7
10-04-2020,13603,Isla de Maipo,RM,10
30-03-2020,13109,La Cisterna,RM,10
01-04-2020,13109,La Cisterna,RM,12
03-04-2020,13109,La Cisterna,RM,12
06-04-2020,13109,La Cisterna,RM,20
08-04-2020,13109,La Cisterna,RM,26
10-04-2020,13109,La Cisterna,RM,34
30-03-2020,13110,La Florida,RM,43
01-04-2020,13110,La Florida,RM,58
03-04-2020,13110,La Florida,RM,67
06-04-2020,13110,La Florida,RM,91
08-04-2020,13110,La Florida,RM,103
10-04-2020,13110,La Florida,RM,126
30-03-2020,13111,La Granja,RM,5
01-04-2020,13111,La Granja,RM,8
03-04-2020,13111,La Granja,RM,16
06-04-2020,13111,La Granja,RM,24
08-04-2020,13111,La Granja,RM,26
10-04-2020,13111,La Granja,RM,36
30-03-2020,13112,La Pintana,RM,2
01-04-2020,13112,La Pintana,RM,10
03-04-2020,13112,La Pintana,RM,13
06-04-2020,13112,La Pintana,RM,18
08-04-2020,13112,La Pintana,RM,25
10-04-2020,13112,La Pintana,RM,39
30-03-2020,13113,La Reina,RM,24
01-04-2020,13113,La Reina,RM,26
03-04-2020,13113,La Reina,RM,30
06-04-2020,13113,La Reina,RM,35
08-04-2020,13113,La Reina,RM,44
10-04-2020,13113,La Reina,RM,52
30-03-2020,13302,Lampa,RM,10
01-04-2020,13302,Lampa,RM,10
03-04-2020,13302,Lampa,RM,13
06-04-2020,13302,Lampa,RM,14
08-04-2020,13302,Lampa,RM,18
10-04-2020,13302,Lampa,RM,26
30-03-2020,13114,Las Condes,RM,181
01-04-2020,13114,Las Condes,RM,208
03-04-2020,13114,Las Condes,RM,224
06-04-2020,13114,Las Condes,RM,258
08-04-2020,13114,Las Condes,RM,266
10-04-2020,13114,Las Condes,RM,281
30-03-2020,13115,Lo Barnechea,RM,68
01-04-2020,13115,Lo Barnechea,RM,78
03-04-2020,13115,Lo Barnechea,RM,85
06-04-2020,13115,Lo Barnechea,RM,97
08-04-2020,13115,Lo Barnechea,RM,105
10-04-2020,13115,Lo Barnechea,RM,110
30-03-2020,13116,Lo Espejo,RM,4
01-04-2020,13116,Lo Espejo,RM,7
03-04-2020,13116,Lo Espejo,RM,9
06-04-2020,13116,Lo Espejo,RM,15
08-04-2020,13116,Lo Espejo,RM,23
10-04-2020,13116,Lo Espejo,RM,34
30-03-2020,13117,Lo Prado,RM,14
01-04-2020,13117,Lo Prado,RM,18
03-04-2020,13117,Lo Prado,RM,20
06-04-2020,13117,Lo Prado,RM,25
08-04-2020,13117,Lo Prado,RM,32
10-04-2020,13117,Lo Prado,RM,35
30-03-2020,13118,Macul,RM,10
01-04-2020,13118,Macul,RM,15
03-04-2020,13118,Macul,RM,23
06-04-2020,13118,Macul,RM,34
08-04-2020,13118,Macul,RM,37
10-04-2020,13118,Macul,RM,43
30-03-2020,13119,Maipú,RM,43
01-04-2020,13119,Maipú,RM,55
03-04-2020,13119,Maipú,RM,64
06-04-2020,13119,Maipú,RM,83
08-04-2020,13119,Maipú,RM,106
10-04-2020,13119,Maipú,RM,167
30-03-2020,13501,Melipilla,RM,6
01-04-2020,13501,Melipilla,RM,8
03-04-2020,13501,Melipilla,RM,9
06-04-2020,13501,Melipilla,RM,11
08-04-2020,13501,Melipilla,RM,12
10-04-2020,13501,Melipilla,RM,16
30-03-2020,13120,Ñuñoa,RM,67
01-04-2020,13120,Ñuñoa,RM,84
03-04-2020,13120,Ñuñoa,RM,93
06-04-2020,13120,Ñuñoa,RM,107
08-04-2020,13120,Ñuñoa,RM,118
10-04-2020,13120,Ñuñoa,RM,155
30-03-2020,13604,Padre Hurtado,RM,10
01-04-2020,13604,Padre Hurtado,RM,11
03-04-2020,13604,Padre Hurtado,RM,14
06-04-2020,13604,Padre Hurtado,RM,16
08-04-2020,13604,Padre Hurtado,RM,18
10-04-2020,13604,Padre Hurtado,RM,20
30-03-2020,13404,Paine,RM,3
01-04-2020,13404,Paine,RM,3
03-04-2020,13404,Paine,RM,3
06-04-2020,13404,Paine,RM,3
08-04-2020,13404,Paine,RM,3
10-04-2020,13404,Paine,RM,7
30-03-2020,13121,Pedro Aguirre Cerda,RM,7
01-04-2020,13121,Pedro Aguirre Cerda,RM,13
03-04-2020,13121,Pedro Aguirre Cerda,RM,13
06-04-2020,13121,Pedro Aguirre Cerda,RM,16
08-04-2020,13121,Pedro Aguirre Cerda,RM,19
10-04-2020,13121,Pedro Aguirre Cerda,RM,36
30-03-2020,13605,Peñaflor,RM,10
01-04-2020,13605,Peñaflor,RM,13
03-04-2020,13605,Peñaflor,RM,13
06-04-2020,13605,Peñaflor,RM,18
08-04-2020,13605,Peñaflor,RM,18
10-04-2020,13605,Peñaflor,RM,20
30-03-2020,13122,Peñalolén,RM,31
01-04-2020,13122,Peñalolén,RM,46
03-04-2020,13122,Peñalolén,RM,54
06-04-2020,13122,Peñalolén,RM,65
08-04-2020,13122,Peñalolén,RM,78
10-04-2020,13122,Peñalolén,RM,98
01-04-2020,13202,Pirque,RM,2
03-04-2020,13202,Pirque,RM,2
06-04-2020,13202,Pirque,RM,4
08-04-2020,13202,Pirque,RM,4
10-04-2020,13202,Pirque,RM,9
30-03-2020,13123,Providencia,RM,82
01-04-2020,13123,Providencia,RM,87
03-04-2020,13123,Providencia,RM,94
06-04-2020,13123,Providencia,RM,104
08-04-2020,13123,Providencia,RM,115
10-04-2020,13123,Providencia,RM,129
30-03-2020,13124,Pudahuel,RM,17
01-04-2020,13124,Pudahuel,RM,25
03-04-2020,13124,Pudahuel,RM,32
06-04-2020,13124,Pudahuel,RM,44
08-04-2020,13124,Pudahuel,RM,52
10-04-2020,13124,Pudahuel,RM,67
30-03-2020,13201,Puente Alto,RM,45
01-04-2020,13201,Puente Alto,RM,58
03-04-2020,13201,Puente Alto,RM,76
06-04-2020,13201,Puente Alto,RM,119
08-04-2020,13201,Puente Alto,RM,166
10-04-2020,13201,Puente Alto,RM,239
30-03-2020,13125,Quilicura,RM,17
01-04-2020,13125,Quilicura,RM,29
03-04-2020,13125,Quilicura,RM,33
06-04-2020,13125,Quilicura,RM,51
08-04-2020,13125,Quilicura,RM,57
10-04-2020,13125,Quilicura,RM,79
30-03-2020,13126,Quinta Normal,RM,21
01-04-2020,13126,Quinta Normal,RM,25
03-04-2020,13126,Quinta Normal,RM,35
06-04-2020,13126,Quinta Normal,RM,41
08-04-2020,13126,Quinta Normal,RM,57
10-04-2020,13126,Quinta Normal,RM,69
30-03-2020,13127,Recoleta,RM,17
01-04-2020,13127,Recoleta,RM,23
03-04-2020,13127,Recoleta,RM,32
06-04-2020,13127,Recoleta,RM,44
08-04-2020,13127,Recoleta,RM,52
10-04-2020,13127,Recoleta,RM,61
30-03-2020,13128,Renca,RM,9
01-04-2020,13128,Renca,RM,14
03-04-2020,13128,Renca,RM,18
06-04-2020,13128,Renca,RM,19
08-04-2020,13128,Renca,RM,22
10-04-2020,13128,Renca,RM,28
30-03-2020,13401,San Bernardo,RM,32
01-04-2020,13401,San Bernardo,RM,41
03-04-2020,13401,San Bernardo,RM,53
06-04-2020,13401,San Bernardo,RM,74
08-04-2020,13401,San Bernardo,RM,79
10-04-2020,13401,San Bernardo,RM,117
30-03-2020,13129,San Joaquín,RM,13
01-04-2020,13129,San Joaquín,RM,24
03-04-2020,13129,San Joaquín,RM,28
06-04-2020,13129,San Joaquín,RM,36
08-04-2020,13129,San Joaquín,RM,42
10-04-2020,13129,San Joaquín,RM,52
30-03-2020,13203,San José de Maipo,RM,2
01-04-2020,13203,San José de Maipo,RM,2
03-04-2020,13203,San José de Maipo,RM,2
06-04-2020,13203,San José de Maipo,RM,3
08-04-2020,13203,San José de Maipo,RM,3
10-04-2020,13203,San José de Maipo,RM,4
30-03-2020,13130,San Miguel,RM,25
01-04-2020,13130,San Miguel,RM,32
03-04-2020,13130,San Miguel,RM,39
06-04-2020,13130,San Miguel,RM,49
08-04-2020,13130,San Miguel,RM,56
10-04-2020,13130,San Miguel,RM,69
30-03-2020,13131,San Ramón,RM,1
01-04-2020,13131,San Ramón,RM,6
03-04-2020,13131,San Ramón,RM,9
06-04-2020,13131,San Ramón,RM,9
08-04-2020,13131,San Ramón,RM,12
10-04-2020,13131,San Ramón,RM,18
30-03-2020,13101,Santiago,RM,127
01-04-2020,13101,Santiago,RM,156
03-04-2020,13101,Santiago,RM,173
06-04-2020,13101,Santiago,RM,234
08-04-2020,13101,Santiago,RM,271
10-04-2020,13101,Santiago,RM,321
30-03-2020,13601,Talagante,RM,3
01-04-2020,13601,Talagante,RM,5
03-04-2020,13601,Talagante,RM,6
06-04-2020,13601,Talagante,RM,11
08-04-2020,13601,Talagante,RM,14
10-04-2020,13601,Talagante,RM,18
30-03-2020,13303,Til Til,RM,2
01-04-2020,13303,Til Til,RM,2
03-04-2020,13303,Til Til,RM,3
06-04-2020,13303,Til Til,RM,3
08-04-2020,13303,Til Til,RM,4
10-04-2020,13303,Til Til,RM,4
30-03-2020,13132,Vitacura,RM,83
01-04-2020,13132,Vitacura,RM,90
03-04-2020,13132,Vitacura,RM,100
06-04-2020,13132,Vitacura,RM,114
08-04-2020,13132,Vitacura,RM,114
10-04-2020,13132,Vitacura,RM,119
18-03-2020,6108,Machalí,LI,1
19-03-2020,6108,Machalí,LI,1
20-03-2020,6108,Machalí,LI,1
21-03-2020,6108,Machalí,LI,1
22-03-2020,6108,Machalí,LI,1
23-03-2020,6108,Machalí,LI,2
24-03-2020,6108,Machalí,LI,2
25-03-2020,6108,Machalí,LI,2
26-03-2020,6108,Machalí,LI,2
27-03-2020,6108,Machalí,LI,4
28-03-2020,6108,Machalí,LI,6
29-03-2020,6108,Machalí,LI,6
30-03-2020,6108,Machalí,LI,6
31-03-2020,6108,Machalí,LI,6
01-04-2020,6108,Machalí,LI,6
02-04-2020,6108,Machalí,LI,7
03-04-2020,6108,Machalí,LI,7
04-04-2020,6108,Machalí,LI,8
05-04-2020,6108,Machalí,LI,8
06-04-2020,6108,Machalí,LI,8
07-04-2020,6108,Machalí,LI,8
08-04-2020,6108,Machalí,LI,8
09-04-2020,6108,Machalí,LI,8
10-04-2020,6108,Machalí,LI,8
11-04-2020,6108,Machalí,LI,8
20-03-2020,6101,Rancagua,LI,1
21-03-2020,6101,Rancagua,LI,1
22-03-2020,6101,Rancagua,LI,1
23-03-2020,6101,Rancagua,LI,1
24-03-2020,6101,Rancagua,LI,2
25-03-2020,6101,Rancagua,LI,3
26-03-2020,6101,Rancagua,LI,3
27-03-2020,6101,Rancagua,LI,4
28-03-2020,6101,Rancagua,LI,4
29-03-2020,6101,Rancagua,LI,5
30-03-2020,6101,Rancagua,LI,5
31-03-2020,6101,Rancagua,LI,6
01-04-2020,6101,Rancagua,LI,7
02-04-2020,6101,Rancagua,LI,8
03-04-2020,6101,Rancagua,LI,9
04-04-2020,6101,Rancagua,LI,11
05-04-2020,6101,Rancagua,LI,14
06-04-2020,6101,Rancagua,LI,15
07-04-2020,6101,Rancagua,LI,15
08-04-2020,6101,Rancagua,LI,15
09-04-2020,6101,Rancagua,LI,15
10-04-2020,6101,Rancagua,LI,15
11-04-2020,6101,Rancagua,LI,15
19-03-2020,6301,San Fernando,LI,2
20-03-2020,6301,San Fernando,LI,2
21-03-2020,6301,San Fernando,LI,3
22-03-2020,6301,San Fernando,LI,3
23-03-2020,6301,San Fernando,LI,3
24-03-2020,6301,San Fernando,LI,3
25-03-2020,6301,San Fernando,LI,3
26-03-2020,6301,San Fernando,LI,4
27-03-2020,6301,San Fernando,LI,4
28-03-2020,6301,San Fernando,LI,4
29-03-2020,6301,San Fernando,LI,4
30-03-2020,6301,San Fernando,LI,4
31-03-2020,6301,San Fernando,LI,4
01-04-2020,6301,San Fernando,LI,4
02-04-2020,6301,San Fernando,LI,4
03-04-2020,6301,San Fernando,LI,4
04-04-2020,6301,San Fernando,LI,4
05-04-2020,6301,San Fernando,LI,4
06-04-2020,6301,San Fernando,LI,4
07-04-2020,6301,San Fernando,LI,4
08-04-2020,6301,San Fernando,LI,4
09-04-2020,6301,San Fernando,LI,4
10-04-2020,6301,San Fernando,LI,4
11-04-2020,6301,San Fernando,LI,4
25-03-2020,6303,Chimbarongo,LI,1
26-03-2020,6303,Chimbarongo,LI,1
27-03-2020,6303,Chimbarongo,LI,1
28-03-2020,6303,Chimbarongo,LI,2
29-03-2020,6303,Chimbarongo,LI,2
30-03-2020,6303,Chimbarongo,LI,2
31-03-2020,6303,Chimbarongo,LI,2
01-04-2020,6303,Chimbarongo,LI,2
02-04-2020,6303,Chimbarongo,LI,2
03-04-2020,6303,Chimbarongo,LI,2
04-04-2020,6303,Chimbarongo,LI,2
05-04-2020,6303,Chimbarongo,LI,2
06-04-2020,6303,Chimbarongo,LI,2
07-04-2020,6303,Chimbarongo,LI,2
08-04-2020,6303,Chimbarongo,LI,2
09-04-2020,6303,Chimbarongo,LI,2
10-04-2020,6303,Chimbarongo,LI,2
11-04-2020,6303,Chimbarongo,LI,2
21-03-2020,6114,Quinta de Tilcoco,LI,1
22-03-2020,6114,Quinta de Tilcoco,LI,1
23-03-2020,6114,Quinta de Tilcoco,LI,1
24-03-2020,6114,Quinta de Tilcoco,LI,1
25-03-2020,6114,Quinta de Tilcoco,LI,2
26-03-2020,6114,Quinta de Tilcoco,LI,2
27-03-2020,6114,Quinta de Tilcoco,LI,2
28-03-2020,6114,Quinta de Tilcoco,LI,2
29-03-2020,6114,Quinta de Tilcoco,LI,2
30-03-2020,6114,Quinta de Tilcoco,LI,2
31-03-2020,6114,Quinta de Tilcoco,LI,2
01-04-2020,6114,Quinta de Tilcoco,LI,2
02-04-2020,6114,Quinta de Tilcoco,LI,2
03-04-2020,6114,Quinta de Tilcoco,LI,2
04-04-2020,6114,Quinta de Tilcoco,LI,2
05-04-2020,6114,Quinta de Tilcoco,LI,2
06-04-2020,6114,Quinta de Tilcoco,LI,2
07-04-2020,6114,Quinta de Tilcoco,LI,2
08-04-2020,6114,Quinta de Tilcoco,LI,2
09-04-2020,6114,Quinta de Tilcoco,LI,2
10-04-2020,6114,Quinta de Tilcoco,LI,2
11-04-2020,6114,Quinta de Tilcoco,LI,2
20-03-2020,6308,Placilla,LI,1
21-03-2020,6308,Placilla,LI,1
22-03-2020,6308,Placilla,LI,1
23-03-2020,6308,Placilla,LI,1
24-03-2020,6308,Placilla,LI,1
25-03-2020,6308,Placilla,LI,1
26-03-2020,6308,Placilla,LI,1
27-03-2020,6308,Placilla,LI,1
28-03-2020,6308,Placilla,LI,1
29-03-2020,6308,Placilla,LI,1
30-03-2020,6308,Placilla,LI,1
31-03-2020,6308,Placilla,LI,1
01-04-2020,6308,Placilla,LI,1
02-04-2020,6308,Placilla,LI,1
03-04-2020,6308,Placilla,LI,1
04-04-2020,6308,Placilla,LI,1
05-04-2020,6308,Placilla,LI,1
06-04-2020,6308,Placilla,LI,1
07-04-2020,6308,Placilla,LI,1
08-04-2020,6308,Placilla,LI,1
09-04-2020,6308,Placilla,LI,1
10-04-2020,6308,Placilla,LI,1
11-04-2020,6308,Placilla,LI,1
04-04-2020,6112,Peumo,LI,1
05-04-2020,6112,Peumo,LI,1
06-04-2020,6112,Peumo,LI,1
07-04-2020,6112,Peumo,LI,1
08-04-2020,6112,Peumo,LI,1
09-04-2020,6112,Peumo,LI,1
10-04-2020,6112,Peumo,LI,1
11-04-2020,6112,Peumo,LI,1
04-04-2020,6310,Santa Cruz,LI,1
05-04-2020,6310,Santa Cruz,LI,1
06-04-2020,6310,Santa Cruz,LI,1
07-04-2020,6310,Santa Cruz,LI,1
08-04-2020,6310,Santa Cruz,LI,2
09-04-2020,6310,Santa Cruz,LI,2
10-04-2020,6310,Santa Cruz,LI,2
11-04-2020,6310,Santa Cruz,LI,2
01-04-2020,6111,Olivar,LI,1
02-04-2020,6111,Olivar,LI,2
03-04-2020,6111,Olivar,LI,2
04-04-2020,6111,Olivar,LI,2
05-04-2020,6111,Olivar,LI,2
06-04-2020,6111,Olivar,LI,2
07-04-2020,6111,Olivar,LI,2
08-04-2020,6111,Olivar,LI,2
09-04-2020,6111,Olivar,LI,3
10-04-2020,6111,Olivar,LI,3
11-04-2020,6111,Olivar,LI,4
01-04-2020,6117,San Vicente de Tagua Tagua,LI,1
02-04-2020,6117,San Vicente de Tagua Tagua,LI,4
03-04-2020,6117,San Vicente de Tagua Tagua,LI,4
04-04-2020,6117,San Vicente de Tagua Tagua,LI,4
05-04-2020,6117,San Vicente de Tagua Tagua,LI,4
06-04-2020,6117,San Vicente de Tagua Tagua,LI,4
07-04-2020,6117,San Vicente de Tagua Tagua,LI,4
08-04-2020,6117,San Vicente de Tagua Tagua,LI,4
09-04-2020,6117,San Vicente de Tagua Tagua,LI,4
10-04-2020,6117,San Vicente de Tagua Tagua,LI,4
11-04-2020,6117,San Vicente de Tagua Tagua,LI,4
18-03-2020,6116,Requínoa,LI,1
19-03-2020,6116,Requínoa,LI,1
20-03-2020,6116,Requínoa,LI,1
21-03-2020,6116,Requínoa,LI,1
22-03-2020,6116,Requínoa,LI,1
23-03-2020,6116,Requínoa,LI,1
24-03-2020,6116,Requínoa,LI,1
25-03-2020,6116,Requínoa,LI,1
26-03-2020,6116,Requínoa,LI,1
27-03-2020,6116,Requínoa,LI,1
28-03-2020,6116,Requínoa,LI,1
29-03-2020,6116,Requínoa,LI,1
30-03-2020,6116,Requínoa,LI,1
31-03-2020,6116,Requínoa,LI,1
01-04-2020,6116,Requínoa,LI,1
02-04-2020,6116,Requínoa,LI,1
03-04-2020,6116,Requínoa,LI,1
04-04-2020,6116,Requínoa,LI,1
05-04-2020,6116,Requínoa,LI,1
06-04-2020,6116,Requínoa,LI,1
07-04-2020,6116,Requínoa,LI,1
08-04-2020,6116,Requínoa,LI,1
09-04-2020,6116,Requínoa,LI,1
10-04-2020,6116,Requínoa,LI,1
11-04-2020,6116,Requínoa,LI,1
31-03-2020,6115,Rengo,LI,1
01-04-2020,6115,Rengo,LI,1
02-04-2020,6115,Rengo,LI,1
03-04-2020,6115,Rengo,LI,1
04-04-2020,6115,Rengo,LI,1
05-04-2020,6115,Rengo,LI,1
06-04-2020,6115,Rengo,LI,1
07-04-2020,6115,Rengo,LI,1
08-04-2020,6115,Rengo,LI,1
09-04-2020,6115,Rengo,LI,1
10-04-2020,6115,Rengo,LI,1
11-04-2020,6115,Rengo,LI,1
29-03-2020,7101,Talca,ML,26
30-03-2020,7101,Talca,ML,34
31-03-2020,7101,Talca,ML,34
01-04-2020,7101,Talca,ML,37
02-04-2020,7101,Talca,ML,42
03-04-2020,7101,Talca,ML,42
04-04-2020,7101,Talca,ML,46
05-04-2020,7101,Talca,ML,47
06-04-2020,7101,Talca,ML,48
07-04-2020,7101,Talca,ML,48
08-04-2020,7101,Talca,ML,51
09-04-2020,7101,Talca,ML,51
10-04-2020,7101,Talca,ML,51
11-04-2020,7101,Talca,ML,51
29-03-2020,7301,Curicó,ML,4
30-03-2020,7301,Curicó,ML,5
31-03-2020,7301,Curicó,ML,7
01-04-2020,7301,Curicó,ML,8
02-04-2020,7301,Curicó,ML,9
03-04-2020,7301,Curicó,ML,11
04-04-2020,7301,Curicó,ML,12
05-04-2020,7301,Curicó,ML,13
06-04-2020,7301,Curicó,ML,13
07-04-2020,7301,Curicó,ML,13
08-04-2020,7301,Curicó,ML,13
09-04-2020,7301,Curicó,ML,16
10-04-2020,7301,Curicó,ML,17
11-04-2020,7301,Curicó,ML,18
29-03-2020,7401,Linares,ML,2
30-03-2020,7401,Linares,ML,3
31-03-2020,7401,Linares,ML,5
01-04-2020,7401,Linares,ML,6
02-04-2020,7401,Linares,ML,8
03-04-2020,7401,Linares,ML,10
04-04-2020,7401,Linares,ML,10
05-04-2020,7401,Linares,ML,10
06-04-2020,7401,Linares,ML,11
07-04-2020,7401,Linares,ML,11
08-04-2020,7401,Linares,ML,12
09-04-2020,7401,Linares,ML,13
10-04-2020,7401,Linares,ML,13
11-04-2020,7401,Linares,ML,13
29-03-2020,7404,Parral,ML,1
30-03-2020,7404,Parral,ML,2
31-03-2020,7404,Parral,ML,3
01-04-2020,7404,Parral,ML,3
02-04-2020,7404,Parral,ML,3
03-04-2020,7404,Parral,ML,3
04-04-2020,7404,Parral,ML,3
05-04-2020,7404,Parral,ML,3
06-04-2020,7404,Parral,ML,3
07-04-2020,7404,Parral,ML,3
08-04-2020,7404,Parral,ML,4
09-04-2020,7404,Parral,ML,5
10-04-2020,7404,Parral,ML,5
11-04-2020,7404,Parral,ML,6
30-03-2020,7304,Molina,ML,1
31-03-2020,7304,Molina,ML,2
01-04-2020,7304,Molina,ML,3
02-04-2020,7304,Molina,ML,3
03-04-2020,7304,Molina,ML,3
04-04-2020,7304,Molina,ML,3
05-04-2020,7304,Molina,ML,3
06-04-2020,7304,Molina,ML,3
07-04-2020,7304,Molina,ML,3
08-04-2020,7304,Molina,ML,3
09-04-2020,7304,Molina,ML,3
10-04-2020,7304,Molina,ML,3
11-04-2020,7304,Molina,ML,3
29-03-2020,7105,Maule,ML,2
30-03-2020,7105,Maule,ML,2
31-03-2020,7105,Maule,ML,2
01-04-2020,7105,Maule,ML,2
02-04-2020,7105,Maule,ML,2
03-04-2020,7105,Maule,ML,2
04-04-2020,7105,Maule,ML,2
05-04-2020,7105,Maule,ML,2
06-04-2020,7105,Maule,ML,2
07-04-2020,7105,Maule,ML,2
08-04-2020,7105,Maule,ML,3
09-04-2020,7105,Maule,ML,3
10-04-2020,7105,Maule,ML,3
11-04-2020,7105,Maule,ML,3
29-03-2020,7306,Romeral,ML,2
30-03-2020,7306,Romeral,ML,2
31-03-2020,7306,Romeral,ML,2
01-04-2020,7306,Romeral,ML,2
02-04-2020,7306,Romeral,ML,2
03-04-2020,7306,Romeral,ML,2
04-04-2020,7306,Romeral,ML,2
05-04-2020,7306,Romeral,ML,2
06-04-2020,7306,Romeral,ML,2
07-04-2020,7306,Romeral,ML,2
08-04-2020,7306,Romeral,ML,2
09-04-2020,7306,Romeral,ML,2
10-04-2020,7306,Romeral,ML,3
11-04-2020,7306,Romeral,ML,3
29-03-2020,7201,Cauquenes,ML,1
30-03-2020,7201,Cauquenes,ML,1
31-03-2020,7201,Cauquenes,ML,1
01-04-2020,7201,Cauquenes,ML,1
02-04-2020,7201,Cauquenes,ML,1
03-04-2020,7201,Cauquenes,ML,3
04-04-2020,7201,Cauquenes,ML,3
05-04-2020,7201,Cauquenes,ML,4
06-04-2020,7201,Cauquenes,ML,4
07-04-2020,7201,Cauquenes,ML,4
08-04-2020,7201,Cauquenes,ML,4
09-04-2020,7201,Cauquenes,ML,4
10-04-2020,7201,Cauquenes,ML,4
11-04-2020,7201,Cauquenes,ML,4
29-03-2020,7402,Colbún,ML,1
30-03-2020,7402,Colbún,ML,1
31-03-2020,7402,Colbún,ML,1
01-04-2020,7402,Colbún,ML,4
02-04-2020,7402,Colbún,ML,4
03-04-2020,7402,Colbún,ML,4
04-04-2020,7402,Colbún,ML,4
05-04-2020,7402,Colbún,ML,4
06-04-2020,7402,Colbún,ML,5
07-04-2020,7402,Colbún,ML,5
08-04-2020,7402,Colbún,ML,5
09-04-2020,7402,Colbún,ML,5
10-04-2020,7402,Colbún,ML,5
11-04-2020,7402,Colbún,ML,5
29-03-2020,7403,Longaví,ML,1
30-03-2020,7403,Longaví,ML,1
31-03-2020,7403,Longaví,ML,1
01-04-2020,7403,Longaví,ML,1
02-04-2020,7403,Longaví,ML,1
03-04-2020,7403,Longaví,ML,1
04-04-2020,7403,Longaví,ML,1
05-04-2020,7403,Longaví,ML,1
06-04-2020,7403,Longaví,ML,2
07-04-2020,7403,Longaví,ML,2
08-04-2020,7403,Longaví,ML,2
09-04-2020,7403,Longaví,ML,2
10-04-2020,7403,Longaví,ML,2
11-04-2020,7403,Longaví,ML,2
29-03-2020,7203,Pelluhue,ML,1
30-03-2020,7203,Pelluhue,ML,1
31-03-2020,7203,Pelluhue,ML,1
01-04-2020,7203,Pelluhue,ML,1
02-04-2020,7203,Pelluhue,ML,1
03-04-2020,7203,Pelluhue,ML,1
04-04-2020,7203,Pelluhue,ML,1
05-04-2020,7203,Pelluhue,ML,1
06-04-2020,7203,Pelluhue,ML,1
07-04-2020,7203,Pelluhue,ML,1
08-04-2020,7203,Pelluhue,ML,1
09-04-2020,7203,Pelluhue,ML,1
10-04-2020,7203,Pelluhue,ML,1
11-04-2020,7203,Pelluhue,ML,1
29-03-2020,7108,Río Claro,ML,1
30-03-2020,7108,Río Claro,ML,1
31-03-2020,7108,Río Claro,ML,1
01-04-2020,7108,Río Claro,ML,1
02-04-2020,7108,Río Claro,ML,1
03-04-2020,7108,Río Claro,ML,1
04-04-2020,7108,Río Claro,ML,1
05-04-2020,7108,Río Claro,ML,1
06-04-2020,7108,Río Claro,ML,1
07-04-2020,7108,Río Claro,ML,1
08-04-2020,7108,Río Claro,ML,2
09-04-2020,7108,Río Claro,ML,3
10-04-2020,7108,Río Claro,ML,3
11-04-2020,7108,Río Claro,ML,3
31-03-2020,7102,Constitución,ML,1
01-04-2020,7102,Constitución,ML,1
02-04-2020,7102,Constitución,ML,3
03-04-2020,7102,Constitución,ML,3
04-04-2020,7102,Constitución,ML,3
05-04-2020,7102,Constitución,ML,3
06-04-2020,7102,Constitución,ML,3
07-04-2020,7102,Constitución,ML,1
08-04-2020,7102,Constitución,ML,5
09-04-2020,7102,Constitución,ML,5
10-04-2020,7102,Constitución,ML,5
11-04-2020,7102,Constitución,ML,5
02-04-2020,7305,Rauco,ML,1
03-04-2020,7305,Rauco,ML,1
04-04-2020,7305,Rauco,ML,1
05-04-2020,7305,Rauco,ML,1
06-04-2020,7305,Rauco,ML,1
07-04-2020,7305,Rauco,ML,1
08-04-2020,7305,Rauco,ML,1
09-04-2020,7305,Rauco,ML,2
10-04-2020,7305,Rauco,ML,2
11-04-2020,7305,Rauco,ML,2
11-04-2020,7106,Pelarco,ML,1
09-04-2020,7308,Teno,ML,1
10-04-2020,7308,Teno,ML,1
11-04-2020,7308,Teno,ML,1
03-04-2020,7110,San Rafael,ML,1
04-04-2020,7110,San Rafael,ML,1
05-04-2020,7110,San Rafael,ML,1
06-04-2020,7110,San Rafael,ML,1
07-04-2020,7110,San Rafael,ML,1
08-04-2020,7110,San Rafael,ML,1
09-04-2020,7110,San Rafael,ML,1
10-04-2020,7110,San Rafael,ML,1
11-04-2020,7110,San Rafael,ML,1
04-04-2020,7307,Sagrada Familia,ML,1
05-04-2020,7307,Sagrada Familia,ML,1
06-04-2020,7307,Sagrada Familia,ML,1
07-04-2020,7307,Sagrada Familia,ML,1
08-04-2020,7307,Sagrada Familia,ML,1
09-04-2020,7307,Sagrada Familia,ML,1
10-04-2020,7307,Sagrada Familia,ML,1
11-04-2020,7307,Sagrada Familia,ML,1
08-04-2020,7103,Curepto,ML,2
09-04-2020,7103,Curepto,ML,3
10-04-2020,7103,Curepto,ML,3
11-04-2020,7103,Curepto,ML,3
31-03-2020,7406,San Javier,ML,1
01-04-2020,7406,San Javier,ML,1
02-04-2020,7406,San Javier,ML,1
03-04-2020,7406,San Javier,ML,1
04-04-2020,7406,San Javier,ML,3
05-04-2020,7406,San Javier,ML,6
06-04-2020,7406,San Javier,ML,7
07-04-2020,7406,San Javier,ML,7
08-04-2020,7406,San Javier,ML,7
09-04-2020,7406,San Javier,ML,7
10-04-2020,7406,San Javier,ML,8
11-04-2020,7406,San Javier,ML,8
29-03-2020,16101,Chillán,NB,135
30-03-2020,16101,Chillán,NB,158
31-03-2020,16101,Chillán,NB,164
01-04-2020,16101,Chillán,NB,173
02-04-2020,16101,Chillán,NB,224
03-04-2020,16101,Chillán,NB,240
04-04-2020,16101,Chillán,NB,254
05-04-2020,16101,Chillán,NB,270
06-04-2020,16101,Chillán,NB,291
07-04-2020,16101,Chillán,NB,305
08-04-2020,16101,Chillán,NB,326
09-04-2020,16101,Chillán,NB,332
10-04-2020,16101,Chillán,NB,341
11-04-2020,16101,Chillán,NB,347
29-03-2020,16103,Chillán Viejo,NB,14
30-03-2020,16103,Chillán Viejo,NB,17
31-03-2020,16103,Chillán Viejo,NB,20
01-04-2020,16103,Chillán Viejo,NB,20
02-04-2020,16103,Chillán Viejo,NB,23
03-04-2020,16103,Chillán Viejo,NB,26
04-04-2020,16103,Chillán Viejo,NB,27
05-04-2020,16103,Chillán Viejo,NB,28
06-04-2020,16103,Chillán Viejo,NB,30
07-04-2020,16103,Chillán Viejo,NB,34
08-04-2020,16103,Chillán Viejo,NB,34
09-04-2020,16103,Chillán Viejo,NB,36
10-04-2020,16103,Chillán Viejo,NB,40
11-04-2020,16103,Chillán Viejo,NB,43
29-03-2020,16102,Bulnes,NB,16
30-03-2020,16102,Bulnes,NB,17
31-03-2020,16102,Bulnes,NB,20
01-04-2020,16102,Bulnes,NB,20
02-04-2020,16102,Bulnes,NB,28
03-04-2020,16102,Bulnes,NB,32
04-04-2020,16102,Bulnes,NB,34
05-04-2020,16102,Bulnes,NB,35
06-04-2020,16102,Bulnes,NB,36
07-04-2020,16102,Bulnes,NB,43
08-04-2020,16102,Bulnes,NB,45
09-04-2020,16102,Bulnes,NB,45
10-04-2020,16102,Bulnes,NB,48
11-04-2020,16102,Bulnes,NB,50
29-03-2020,16107,Quillón,NB,6
30-03-2020,16107,Quillón,NB,7
31-03-2020,16107,Quillón,NB,9
01-04-2020,16107,Quillón,NB,9
02-04-2020,16107,Quillón,NB,10
03-04-2020,16107,Quillón,NB,15
04-04-2020,16107,Quillón,NB,16
05-04-2020,16107,Quillón,NB,17
06-04-2020,16107,Quillón,NB,17
07-04-2020,16107,Quillón,NB,18
08-04-2020,16107,Quillón,NB,22
09-04-2020,16107,Quillón,NB,22
10-04-2020,16107,Quillón,NB,22
11-04-2020,16107,Quillón,NB,22
29-03-2020,16108,San Ignacio,NB,1
30-03-2020,16108,San Ignacio,NB,1
31-03-2020,16108,San Ignacio,NB,2
01-04-2020,16108,San Ignacio,NB,2
02-04-2020,16108,San Ignacio,NB,3
03-04-2020,16108,San Ignacio,NB,3
04-04-2020,16108,San Ignacio,NB,3
05-04-2020,16108,San Ignacio,NB,6
06-04-2020,16108,San Ignacio,NB,6
07-04-2020,16108,San Ignacio,NB,6
08-04-2020,16108,San Ignacio,NB,6
09-04-2020,16108,San Ignacio,NB,6
10-04-2020,16108,San Ignacio,NB,6
11-04-2020,16108,San Ignacio,NB,6
06-04-2020,16105,Pemuco,NB,2
07-04-2020,16105,Pemuco,NB,3
08-04-2020,16105,Pemuco,NB,3
09-04-2020,16105,Pemuco,NB,3
10-04-2020,16105,Pemuco,NB,3
11-04-2020,16105,Pemuco,NB,3
29-03-2020,16104,El Carmen,NB,1
30-03-2020,16104,El Carmen,NB,1
31-03-2020,16104,El Carmen,NB,1
01-04-2020,16104,El Carmen,NB,2
02-04-2020,16104,El Carmen,NB,2
03-04-2020,16104,El Carmen,NB,2
04-04-2020,16104,El Carmen,NB,2
05-04-2020,16104,El Carmen,NB,2
06-04-2020,16104,El Carmen,NB,2
07-04-2020,16104,El Carmen,NB,3
08-04-2020,16104,El Carmen,NB,3
09-04-2020,16104,El Carmen,NB,3
10-04-2020,16104,El Carmen,NB,3
11-04-2020,16104,El Carmen,NB,3
29-03-2020,16109,Yungay,NB,1
30-03-2020,16109,Yungay,NB,1
31-03-2020,16109,Yungay,NB,2
01-04-2020,16109,Yungay,NB,4
02-04-2020,16109,Yungay,NB,7
03-04-2020,16109,Yungay,NB,10
04-04-2020,16109,Yungay,NB,14
05-04-2020,16109,Yungay,NB,15
06-04-2020,16109,Yungay,NB,26
07-04-2020,16109,Yungay,NB,33
08-04-2020,16109,Yungay,NB,37
09-04-2020,16109,Yungay,NB,37
10-04-2020,16109,Yungay,NB,38
11-04-2020,16109,Yungay,NB,42
29-03-2020,16106,Pinto,NB,1
30-03-2020,16106,Pinto,NB,1
31-03-2020,16106,Pinto,NB,2
01-04-2020,16106,Pinto,NB,2
02-04-2020,16106,Pinto,NB,4
03-04-2020,16106,Pinto,NB,6
04-04-2020,16106,Pinto,NB,8
05-04-2020,16106,Pinto,NB,8
06-04-2020,16106,Pinto,NB,9
07-04-2020,16106,Pinto,NB,10
08-04-2020,16106,Pinto,NB,10
09-04-2020,16106,Pinto,NB,10
10-04-2020,16106,Pinto,NB,10
11-04-2020,16106,Pinto,NB,10
06-04-2020,16201,Quirihue,NB,1
07-04-2020,16201,Quirihue,NB,3
08-04-2020,16201,Quirihue,NB,3
09-04-2020,16201,Quirihue,NB,3
10-04-2020,16201,Quirihue,NB,3
11-04-2020,16201,Quirihue,NB,3
07-04-2020,16204,Ninhue,NB,1
08-04-2020,16204,Ninhue,NB,2
09-04-2020,16204,Ninhue,NB,2
10-04-2020,16204,Ninhue,NB,2
11-04-2020,16204,Ninhue,NB,2
29-03-2020,16203,Coelemu,NB,1
30-03-2020,16203,Coelemu,NB,1
31-03-2020,16203,Coelemu,NB,1
01-04-2020,16203,Coelemu,NB,1
02-04-2020,16203,Coelemu,NB,2
03-04-2020,16203,Coelemu,NB,2
04-04-2020,16203,Coelemu,NB,2
05-04-2020,16203,Coelemu,NB,3
06-04-2020,16203,Coelemu,NB,3
07-04-2020,16203,Coelemu,NB,4
08-04-2020,16203,Coelemu,NB,4
09-04-2020,16203,Coelemu,NB,4
10-04-2020,16203,Coelemu,NB,4
11-04-2020,16203,Coelemu,NB,4
29-03-2020,16206,Ránquil,NB,1
30-03-2020,16206,Ránquil,NB,1
31-03-2020,16206,Ránquil,NB,1
01-04-2020,16206,Ránquil,NB,1
02-04-2020,16206,Ránquil,NB,4
03-04-2020,16206,Ránquil,NB,5
04-04-2020,16206,Ránquil,NB,7
05-04-2020,16206,Ránquil,NB,7
06-04-2020,16206,Ránquil,NB,7
07-04-2020,16206,Ránquil,NB,7
08-04-2020,16206,Ránquil,NB,10
09-04-2020,16206,Ránquil,NB,10
10-04-2020,16206,Ránquil,NB,10
11-04-2020,16206,Ránquil,NB,10
07-04-2020,16303,Ñiquén,NB,1
08-04-2020,16303,Ñiquén,NB,2
09-04-2020,16303,Ñiquén,NB,2
10-04-2020,16303,Ñiquén,NB,2
11-04-2020,16303,Ñiquén,NB,2
29-03-2020,16301,San Carlos,NB,9
30-03-2020,16301,San Carlos,NB,9
31-03-2020,16301,San Carlos,NB,10
01-04-2020,16301,San Carlos,NB,10
02-04-2020,16301,San Carlos,NB,13
03-04-2020,16301,San Carlos,NB,13
04-04-2020,16301,San Carlos,NB,13
05-04-2020,16301,San Carlos,NB,13
06-04-2020,16301,San Carlos,NB,19
07-04-2020,16301,San Carlos,NB,26
08-04-2020,16301,San Carlos,NB,28
09-04-2020,16301,San Carlos,NB,20
10-04-2020,16301,San Carlos,NB,28
11-04-2020,16301,San Carlos,NB,28
29-03-2020,16305,San Nicolás,NB,1
30-03-2020,16305,San Nicolás,NB,2
31-03-2020,16305,San Nicolás,NB,3
01-04-2020,16305,San Nicolás,NB,4
02-04-2020,16305,San Nicolás,NB,4
03-04-2020,16305,San Nicolás,NB,4
04-04-2020,16305,San Nicolás,NB,9
05-04-2020,16305,San Nicolás,NB,9
06-04-2020,16305,San Nicolás,NB,10
07-04-2020,16305,San Nicolás,NB,10
08-04-2020,16305,San Nicolás,NB,10
09-04-2020,16305,San Nicolás,NB,11
10-04-2020,16305,San Nicolás,NB,11
11-04-2020,16305,San Nicolás,NB,12
29-03-2020,16304,San Fabián,NB,4
30-03-2020,16304,San Fabián,NB,4
31-03-2020,16304,San Fabián,NB,4
01-04-2020,16304,San Fabián,NB,6
02-04-2020,16304,San Fabián,NB,6
03-04-2020,16304,San Fabián,NB,6
04-04-2020,16304,San Fabián,NB,6
05-04-2020,16304,San Fabián,NB,6
06-04-2020,16304,San Fabián,NB,6
07-04-2020,16304,San Fabián,NB,6
08-04-2020,16304,San Fabián,NB,6
09-04-2020,16304,San Fabián,NB,6
10-04-2020,16304,San Fabián,NB,7
11-04-2020,16304,San Fabián,NB,7
29-03-2020,16302,Coihueco,NB,2
30-03-2020,16302,Coihueco,NB,3
31-03-2020,16302,Coihueco,NB,3
01-04-2020,16302,Coihueco,NB,3
02-04-2020,16302,Coihueco,NB,3
03-04-2020,16302,Coihueco,NB,3
04-04-2020,16302,Coihueco,NB,3
05-04-2020,16302,Coihueco,NB,3
06-04-2020,16302,Coihueco,NB,6
07-04-2020,16302,Coihueco,NB,6
08-04-2020,16302,Coihueco,NB,7
09-04-2020,16302,Coihueco,NB,8
10-04-2020,16302,Coihueco,NB,8
11-04-2020,16302,Coihueco,NB,9
29-03-2020,8112,Hualpén,BI,18
30-03-2020,8112,Hualpén,BI,19
31-03-2020,8112,Hualpén,BI,27
01-04-2020,8112,Hualpén,BI,36
02-04-2020,8112,Hualpén,BI,42
03-04-2020,8112,Hualpén,BI,50
04-04-2020,8112,Hualpén,BI,50
05-04-2020,8112,Hualpén,BI,65
06-04-2020,8112,Hualpén,BI,68
07-04-2020,8112,Hualpén,BI,73
08-04-2020,8112,Hualpén,BI,74
09-04-2020,8112,Hualpén,BI,83
10-04-2020,8112,Hualpén,BI,88
11-04-2020,8112,Hualpén,BI,91
29-03-2020,8101,Concepción,BI,39
30-03-2020,8101,Concepción,BI,42
31-03-2020,8101,Concepción,BI,42
01-04-2020,8101,Concepción,BI,46
02-04-2020,8101,Concepción,BI,50
03-04-2020,8101,Concepción,BI,53
04-04-2020,8101,Concepción,BI,53
05-04-2020,8101,Concepción,BI,64
06-04-2020,8101,Concepción,BI,70
07-04-2020,8101,Concepción,BI,72
08-04-2020,8101,Concepción,BI,73
09-04-2020,8101,Concepción,BI,81
10-04-2020,8101,Concepción,BI,84
11-04-2020,8101,Concepción,BI,90
29-03-2020,8108,San Pedro de la Paz,BI,45
30-03-2020,8108,San Pedro de la Paz,BI,49
31-03-2020,8108,San Pedro de la Paz,BI,48
01-04-2020,8108,San Pedro de la Paz,BI,50
02-04-2020,8108,San Pedro de la Paz,BI,54
03-04-2020,8108,San Pedro de la Paz,BI,56
04-04-2020,8108,San Pedro de la Paz,BI,56
05-04-2020,8108,San Pedro de la Paz,BI,62
06-04-2020,8108,San Pedro de la Paz,BI,64
07-04-2020,8108,San Pedro de la Paz,BI,67
08-04-2020,8108,San Pedro de la Paz,BI,71
09-04-2020,8108,San Pedro de la Paz,BI,73
10-04-2020,8108,San Pedro de la Paz,BI,75
11-04-2020,8108,San Pedro de la Paz,BI,77
29-03-2020,8110,Talcahuano,BI,15
30-03-2020,8110,Talcahuano,BI,16
31-03-2020,8110,Talcahuano,BI,21
01-04-2020,8110,Talcahuano,BI,21
02-04-2020,8110,Talcahuano,BI,23
03-04-2020,8110,Talcahuano,BI,29
04-04-2020,8110,Talcahuano,BI,29
05-04-2020,8110,Talcahuano,BI,35
06-04-2020,8110,Talcahuano,BI,36
07-04-2020,8110,Talcahuano,BI,38
08-04-2020,8110,Talcahuano,BI,45
09-04-2020,8110,Talcahuano,BI,46
10-04-2020,8110,Talcahuano,BI,47
11-04-2020,8110,Talcahuano,BI,49
29-03-2020,8103,Chiguayante,BI,13
30-03-2020,8103,Chiguayante,BI,14
31-03-2020,8103,Chiguayante,BI,16
01-04-2020,8103,Chiguayante,BI,18
02-04-2020,8103,Chiguayante,BI,20
03-04-2020,8103,Chiguayante,BI,26
04-04-2020,8103,Chiguayante,BI,26
05-04-2020,8103,Chiguayante,BI,32
06-04-2020,8103,Chiguayante,BI,32
07-04-2020,8103,Chiguayante,BI,34
08-04-2020,8103,Chiguayante,BI,35
09-04-2020,8103,Chiguayante,BI,40
10-04-2020,8103,Chiguayante,BI,41
11-04-2020,8103,Chiguayante,BI,41
29-03-2020,8111,Tomé,BI,7
30-03-2020,8111,Tomé,BI,7
31-03-2020,8111,Tomé,BI,7
01-04-2020,8111,Tomé,BI,8
02-04-2020,8111,Tomé,BI,9
03-04-2020,8111,Tomé,BI,9
04-04-2020,8111,Tomé,BI,9
05-04-2020,8111,Tomé,BI,20
06-04-2020,8111,Tomé,BI,25
07-04-2020,8111,Tomé,BI,29
08-04-2020,8111,Tomé,BI,30
09-04-2020,8111,Tomé,BI,30
10-04-2020,8111,Tomé,BI,32
11-04-2020,8111,Tomé,BI,32
29-03-2020,8301,Los Ángeles,BI,9
30-03-2020,8301,Los Ángeles,BI,10
31-03-2020,8301,Los Ángeles,BI,10
01-04-2020,8301,Los Ángeles,BI,10
02-04-2020,8301,Los Ángeles,BI,12
03-04-2020,8301,Los Ángeles,BI,14
04-04-2020,8301,Los Ángeles,BI,14
05-04-2020,8301,Los Ángeles,BI,17
06-04-2020,8301,Los Ángeles,BI,17
07-04-2020,8301,Los Ángeles,BI,21
08-04-2020,8301,Los Ángeles,BI,22
09-04-2020,8301,Los Ángeles,BI,22
10-04-2020,8301,Los Ángeles,BI,22
11-04-2020,8301,Los Ángeles,BI,22
29-03-2020,8102,Coronel,BI,10
30-03-2020,8102,Coronel,BI,12
31-03-2020,8102,Coronel,BI,11
01-04-2020,8102,Coronel,BI,11
02-04-2020,8102,Coronel,BI,12
03-04-2020,8102,Coronel,BI,12
04-04-2020,8102,Coronel,BI,12
05-04-2020,8102,Coronel,BI,13
06-04-2020,8102,Coronel,BI,13
07-04-2020,8102,Coronel,BI,14
08-04-2020,8102,Coronel,BI,18
09-04-2020,8102,Coronel,BI,18
10-04-2020,8102,Coronel,BI,18
11-04-2020,8102,Coronel,BI,18
29-03-2020,8105,Hualqui,BI,3
30-03-2020,8105,Hualqui,BI,3
31-03-2020,8105,Hualqui,BI,3
01-04-2020,8105,Hualqui,BI,3
02-04-2020,8105,Hualqui,BI,3
03-04-2020,8105,Hualqui,BI,3
04-04-2020,8105,Hualqui,BI,3
05-04-2020,8105,Hualqui,BI,7
06-04-2020,8105,Hualqui,BI,7
07-04-2020,8105,Hualqui,BI,7
08-04-2020,8105,Hualqui,BI,7
09-04-2020,8105,Hualqui,BI,7
10-04-2020,8105,Hualqui,BI,8
11-04-2020,8105,Hualqui,BI,8
29-03-2020,8202,Arauco,BI,3
30-03-2020,8202,Arauco,BI,5
31-03-2020,8202,Arauco,BI,5
01-04-2020,8202,Arauco,BI,5
02-04-2020,8202,Arauco,BI,5
03-04-2020,8202,Arauco,BI,6
04-04-2020,8202,Arauco,BI,6
05-04-2020,8202,Arauco,BI,6
06-04-2020,8202,Arauco,BI,6
07-04-2020,8202,Arauco,BI,6
08-04-2020,8202,Arauco,BI,6
09-04-2020,8202,Arauco,BI,6
10-04-2020,8202,Arauco,BI,6
11-04-2020,8202,Arauco,BI,6
29-03-2020,8304,Laja,BI,2
30-03-2020,8304,Laja,BI,2
31-03-2020,8304,Laja,BI,2
01-04-2020,8304,Laja,BI,2
02-04-2020,8304,Laja,BI,2
03-04-2020,8304,Laja,BI,3
04-04-2020,8304,Laja,BI,3
05-04-2020,8304,Laja,BI,5
06-04-2020,8304,Laja,BI,5
07-04-2020,8304,Laja,BI,5
08-04-2020,8304,Laja,BI,5
09-04-2020,8304,Laja,BI,5
10-04-2020,8304,Laja,BI,5
11-04-2020,8304,Laja,BI,5
29-03-2020,8305,Mulchén,BI,6
30-03-2020,8305,Mulchén,BI,6
31-03-2020,8305,Mulchén,BI,5
01-04-2020,8305,Mulchén,BI,5
02-04-2020,8305,Mulchén,BI,5
03-04-2020,8305,Mulchén,BI,5
04-04-2020,8305,Mulchén,BI,5
05-04-2020,8305,Mulchén,BI,5
06-04-2020,8305,Mulchén,BI,5
07-04-2020,8305,Mulchén,BI,5
08-04-2020,8305,Mulchén,BI,5
09-04-2020,8305,Mulchén,BI,5
10-04-2020,8305,Mulchén,BI,5
11-04-2020,8305,Mulchén,BI,5
29-03-2020,8306,Nacimiento,BI,2
30-03-2020,8306,Nacimiento,BI,2
31-03-2020,8306,Nacimiento,BI,2
01-04-2020,8306,Nacimiento,BI,2
02-04-2020,8306,Nacimiento,BI,2
03-04-2020,8306,Nacimiento,BI,2
04-04-2020,8306,Nacimiento,BI,2
05-04-2020,8306,Nacimiento,BI,2
06-04-2020,8306,Nacimiento,BI,2
07-04-2020,8306,Nacimiento,BI,3
08-04-2020,8306,Nacimiento,BI,4
09-04-2020,8306,Nacimiento,BI,5
10-04-2020,8306,Nacimiento,BI,8
11-04-2020,8306,Nacimiento,BI,9
01-04-2020,8107,Penco,BI,1
02-04-2020,8107,Penco,BI,2
03-04-2020,8107,Penco,BI,3
04-04-2020,8107,Penco,BI,3
05-04-2020,8107,Penco,BI,4
06-04-2020,8107,Penco,BI,5
07-04-2020,8107,Penco,BI,5
08-04-2020,8107,Penco,BI,5
09-04-2020,8107,Penco,BI,5
10-04-2020,8107,Penco,BI,7
11-04-2020,8107,Penco,BI,8
29-03-2020,8313,Yumbel,BI,5
30-03-2020,8313,Yumbel,BI,5
31-03-2020,8313,Yumbel,BI,5
01-04-2020,8313,Yumbel,BI,5
02-04-2020,8313,Yumbel,BI,5
03-04-2020,8313,Yumbel,BI,5
04-04-2020,8313,Yumbel,BI,5
05-04-2020,8313,Yumbel,BI,5
06-04-2020,8313,Yumbel,BI,5
07-04-2020,8313,Yumbel,BI,5
08-04-2020,8313,Yumbel,BI,5
09-04-2020,8313,Yumbel,BI,5
10-04-2020,8313,Yumbel,BI,5
11-04-2020,8313,Yumbel,BI,5
02-04-2020,8303,Cabrero,BI,1
03-04-2020,8303,Cabrero,BI,1
04-04-2020,8303,Cabrero,BI,1
05-04-2020,8303,Cabrero,BI,1
06-04-2020,8303,Cabrero,BI,1
07-04-2020,8303,Cabrero,BI,1
08-04-2020,8303,Cabrero,BI,1
09-04-2020,8303,Cabrero,BI,4
10-04-2020,8303,Cabrero,BI,5
11-04-2020,8303,Cabrero,BI,7
02-04-2020,8207,Tirúa,BI,2
03-04-2020,8207,Tirúa,BI,2
04-04-2020,8207,Tirúa,BI,2
05-04-2020,8207,Tirúa,BI,4
06-04-2020,8207,Tirúa,BI,4
07-04-2020,8207,Tirúa,BI,4
08-04-2020,8207,Tirúa,BI,4
09-04-2020,8207,Tirúa,BI,4
10-04-2020,8207,Tirúa,BI,4
11-04-2020,8207,Tirúa,BI,4
29-03-2020,8104,Florida,BI,2
30-03-2020,8104,Florida,BI,2
31-03-2020,8104,Florida,BI,2
01-04-2020,8104,Florida,BI,2
02-04-2020,8104,Florida,BI,2
03-04-2020,8104,Florida,BI,2
04-04-2020,8104,Florida,BI,2
05-04-2020,8104,Florida,BI,2
06-04-2020,8104,Florida,BI,2
07-04-2020,8104,Florida,BI,2
08-04-2020,8104,Florida,BI,2
09-04-2020,8104,Florida,BI,2
10-04-2020,8104,Florida,BI,2
11-04-2020,8104,Florida,BI,2
06-04-2020,8307,Negrete,BI,1
07-04-2020,8307,Negrete,BI,2
08-04-2020,8307,Negrete,BI,2
09-04-2020,8307,Negrete,BI,2
10-04-2020,8307,Negrete,BI,2
11-04-2020,8307,Negrete,BI,2
29-03-2020,8311,Santa Bárbara,BI,2
30-03-2020,8311,Santa Bárbara,BI,2
31-03-2020,8311,Santa Bárbara,BI,2
01-04-2020,8311,Santa Bárbara,BI,2
02-04-2020,8311,Santa Bárbara,BI,2
03-04-2020,8311,Santa Bárbara,BI,2
04-04-2020,8311,Santa Bárbara,BI,2
05-04-2020,8311,Santa Bárbara,BI,2
06-04-2020,8311,Santa Bárbara,BI,2
07-04-2020,8311,Santa Bárbara,BI,2
08-04-2020,8311,Santa Bárbara,BI,2
09-04-2020,8311,Santa Bárbara,BI,2
10-04-2020,8311,Santa Bárbara,BI,2
11-04-2020,8311,Santa Bárbara,BI,2
29-03-2020,8205,Curanilahue,BI,1
30-03-2020,8205,Curanilahue,BI,1
31-03-2020,8205,Curanilahue,BI,1
01-04-2020,8205,Curanilahue,BI,1
02-04-2020,8205,Curanilahue,BI,1
03-04-2020,8205,Curanilahue,BI,1
04-04-2020,8205,Curanilahue,BI,1
05-04-2020,8205,Curanilahue,BI,1
06-04-2020,8205,Curanilahue,BI,1
07-04-2020,8205,Curanilahue,BI,1
08-04-2020,8205,Curanilahue,BI,1
09-04-2020,8205,Curanilahue,BI,1
10-04-2020,8205,Curanilahue,BI,1
11-04-2020,8205,Curanilahue,BI,1
29-03-2020,8106,Lota,BI,1
30-03-2020,8106,Lota,BI,1
31-03-2020,8106,Lota,BI,1
01-04-2020,8106,Lota,BI,1
02-04-2020,8106,Lota,BI,1
03-04-2020,8106,Lota,BI,1
04-04-2020,8106,Lota,BI,1
05-04-2020,8106,Lota,BI,1
06-04-2020,8106,Lota,BI,1
07-04-2020,8106,Lota,BI,1
08-04-2020,8106,Lota,BI,1
09-04-2020,8106,Lota,BI,1
10-04-2020,8106,Lota,BI,1
11-04-2020,8106,Lota,BI,1
07-04-2020,8312,Tucapel,BI,1
08-04-2020,8312,Tucapel,BI,1
09-04-2020,8312,Tucapel,BI,1
10-04-2020,8312,Tucapel,BI,1
11-04-2020,8312,Tucapel,BI,1
29-03-2020,9201,Angol,AR,5
30-03-2020,9201,Angol,AR,8
31-03-2020,9201,Angol,AR,9
01-04-2020,9201,Angol,AR,12
02-04-2020,9201,Angol,AR,12
03-04-2020,9201,Angol,AR,12
04-04-2020,9201,Angol,AR,12
05-04-2020,9201,Angol,AR,14
06-04-2020,9201,Angol,AR,20
07-04-2020,9201,Angol,AR,23
08-04-2020,9201,Angol,AR,24
09-04-2020,9201,Angol,AR,26
10-04-2020,9201,Angol,AR,26
11-04-2020,9201,Angol,AR,28
31-03-2020,9102,Carahue,AR,1
01-04-2020,9102,Carahue,AR,1
02-04-2020,9102,Carahue,AR,2
03-04-2020,9102,Carahue,AR,2
04-04-2020,9102,Carahue,AR,2
05-04-2020,9102,Carahue,AR,2
06-04-2020,9102,Carahue,AR,5
07-04-2020,9102,Carahue,AR,6
08-04-2020,9102,Carahue,AR,8
09-04-2020,9102,Carahue,AR,8
10-04-2020,9102,Carahue,AR,10
11-04-2020,9102,Carahue,AR,14
29-03-2020,9121,CholChol,AR,2
30-03-2020,9121,CholChol,AR,2
31-03-2020,9121,CholChol,AR,2
01-04-2020,9121,CholChol,AR,3
02-04-2020,9121,CholChol,AR,3
03-04-2020,9121,CholChol,AR,3
04-04-2020,9121,CholChol,AR,2
05-04-2020,9121,CholChol,AR,3
06-04-2020,9121,CholChol,AR,3
07-04-2020,9121,CholChol,AR,3
08-04-2020,9121,CholChol,AR,3
09-04-2020,9121,CholChol,AR,3
10-04-2020,9121,CholChol,AR,3
11-04-2020,9121,CholChol,AR,3
03-04-2020,9103,Cunco,AR,1
04-04-2020,9103,Cunco,AR,1
05-04-2020,9103,Cunco,AR,1
06-04-2020,9103,Cunco,AR,5
07-04-2020,9103,Cunco,AR,5
08-04-2020,9103,Cunco,AR,5
09-04-2020,9103,Cunco,AR,5
10-04-2020,9103,Cunco,AR,5
11-04-2020,9103,Cunco,AR,6
05-04-2020,9203,Curacautín,AR,2
06-04-2020,9203,Curacautín,AR,3
07-04-2020,9203,Curacautín,AR,3
08-04-2020,9203,Curacautín,AR,4
09-04-2020,9203,Curacautín,AR,5
10-04-2020,9203,Curacautín,AR,4
11-04-2020,9203,Curacautín,AR,4
29-03-2020,9104,Curarrehue,AR,1
30-03-2020,9104,Curarrehue,AR,1
31-03-2020,9104,Curarrehue,AR,1
01-04-2020,9104,Curarrehue,AR,2
02-04-2020,9104,Curarrehue,AR,3
03-04-2020,9104,Curarrehue,AR,3
04-04-2020,9104,Curarrehue,AR,3
05-04-2020,9104,Curarrehue,AR,3
06-04-2020,9104,Curarrehue,AR,3
07-04-2020,9104,Curarrehue,AR,4
08-04-2020,9104,Curarrehue,AR,4
09-04-2020,9104,Curarrehue,AR,4
10-04-2020,9104,Curarrehue,AR,4
11-04-2020,9104,Curarrehue,AR,4
07-04-2020,9204,Ercilla,AR,2
08-04-2020,9204,Ercilla,AR,3
09-04-2020,9204,Ercilla,AR,4
10-04-2020,9204,Ercilla,AR,4
11-04-2020,9204,Ercilla,AR,4
29-03-2020,9105,Freire,AR,2
30-03-2020,9105,Freire,AR,2
31-03-2020,9105,Freire,AR,2
01-04-2020,9105,Freire,AR,3
02-04-2020,9105,Freire,AR,4
03-04-2020,9105,Freire,AR,5
04-04-2020,9105,Freire,AR,5
05-04-2020,9105,Freire,AR,5
06-04-2020,9105,Freire,AR,5
07-04-2020,9105,Freire,AR,5
08-04-2020,9105,Freire,AR,5
09-04-2020,9105,Freire,AR,5
10-04-2020,9105,Freire,AR,5
11-04-2020,9105,Freire,AR,5
29-03-2020,9106,Galvarino,AR,1
30-03-2020,9106,Galvarino,AR,1
31-03-2020,9106,Galvarino,AR,1
01-04-2020,9106,Galvarino,AR,1
02-04-2020,9106,Galvarino,AR,1
03-04-2020,9106,Galvarino,AR,1
04-04-2020,9106,Galvarino,AR,1
05-04-2020,9106,Galvarino,AR,2
06-04-2020,9106,Galvarino,AR,2
07-04-2020,9106,Galvarino,AR,2
08-04-2020,9106,Galvarino,AR,2
09-04-2020,9106,Galvarino,AR,2
10-04-2020,9106,Galvarino,AR,2
11-04-2020,9106,Galvarino,AR,2
29-03-2020,9107,Gorbea,AR,4
30-03-2020,9107,Gorbea,AR,6
31-03-2020,9107,Gorbea,AR,6
01-04-2020,9107,Gorbea,AR,6
02-04-2020,9107,Gorbea,AR,7
03-04-2020,9107,Gorbea,AR,7
04-04-2020,9107,Gorbea,AR,8
05-04-2020,9107,Gorbea,AR,9
06-04-2020,9107,Gorbea,AR,10
07-04-2020,9107,Gorbea,AR,10
08-04-2020,9107,Gorbea,AR,10
09-04-2020,9107,Gorbea,AR,10
10-04-2020,9107,Gorbea,AR,10
11-04-2020,9107,Gorbea,AR,10
29-03-2020,9108,Lautaro,AR,3
30-03-2020,9108,Lautaro,AR,5
31-03-2020,9108,Lautaro,AR,7
01-04-2020,9108,Lautaro,AR,8
02-04-2020,9108,Lautaro,AR,10
03-04-2020,9108,Lautaro,AR,10
04-04-2020,9108,Lautaro,AR,12
05-04-2020,9108,Lautaro,AR,15
06-04-2020,9108,Lautaro,AR,16
07-04-2020,9108,Lautaro,AR,19
08-04-2020,9108,Lautaro,AR,19
09-04-2020,9108,Lautaro,AR,20
10-04-2020,9108,Lautaro,AR,20
11-04-2020,9108,Lautaro,AR,21
29-03-2020,9109,Loncoche,AR,2
30-03-2020,9109,Loncoche,AR,4
31-03-2020,9109,Loncoche,AR,4
01-04-2020,9109,Loncoche,AR,4
02-04-2020,9109,Loncoche,AR,5
03-04-2020,9109,Loncoche,AR,4
04-04-2020,9109,Loncoche,AR,4
05-04-2020,9109,Loncoche,AR,4
06-04-2020,9109,Loncoche,AR,4
07-04-2020,9109,Loncoche,AR,6
08-04-2020,9109,Loncoche,AR,6
09-04-2020,9109,Loncoche,AR,7
10-04-2020,9109,Loncoche,AR,7
11-04-2020,9109,Loncoche,AR,7
29-03-2020,9111,Nueva Imperial,AR,2
30-03-2020,9111,Nueva Imperial,AR,1
31-03-2020,9111,Nueva Imperial,AR,3
01-04-2020,9111,Nueva Imperial,AR,8
02-04-2020,9111,Nueva Imperial,AR,11
03-04-2020,9111,Nueva Imperial,AR,11
04-04-2020,9111,Nueva Imperial,AR,13
05-04-2020,9111,Nueva Imperial,AR,15
06-04-2020,9111,Nueva Imperial,AR,18
07-04-2020,9111,Nueva Imperial,AR,20
08-04-2020,9111,Nueva Imperial,AR,20
09-04-2020,9111,Nueva Imperial,AR,20
10-04-2020,9111,Nueva Imperial,AR,21
11-04-2020,9111,Nueva Imperial,AR,23
29-03-2020,9112,Padre Las Casas,AR,11
30-03-2020,9112,Padre Las Casas,AR,13
31-03-2020,9112,Padre Las Casas,AR,15
01-04-2020,9112,Padre Las Casas,AR,21
02-04-2020,9112,Padre Las Casas,AR,29
03-04-2020,9112,Padre Las Casas,AR,35
04-04-2020,9112,Padre Las Casas,AR,40
05-04-2020,9112,Padre Las Casas,AR,43
06-04-2020,9112,Padre Las Casas,AR,47
07-04-2020,9112,Padre Las Casas,AR,49
08-04-2020,9112,Padre Las Casas,AR,49
09-04-2020,9112,Padre Las Casas,AR,51
10-04-2020,9112,Padre Las Casas,AR,52
11-04-2020,9112,Padre Las Casas,AR,55
29-03-2020,9113,Perquenco,AR,1
30-03-2020,9113,Perquenco,AR,1
31-03-2020,9113,Perquenco,AR,2
01-04-2020,9113,Perquenco,AR,2
02-04-2020,9113,Perquenco,AR,2
03-04-2020,9113,Perquenco,AR,2
04-04-2020,9113,Perquenco,AR,1
05-04-2020,9113,Perquenco,AR,1
06-04-2020,9113,Perquenco,AR,3
07-04-2020,9113,Perquenco,AR,2
08-04-2020,9113,Perquenco,AR,2
09-04-2020,9113,Perquenco,AR,2
10-04-2020,9113,Perquenco,AR,2
11-04-2020,9113,Perquenco,AR,2
29-03-2020,9114,Pitrufquén,AR,4
30-03-2020,9114,Pitrufquén,AR,5
31-03-2020,9114,Pitrufquén,AR,5
01-04-2020,9114,Pitrufquén,AR,6
02-04-2020,9114,Pitrufquén,AR,7
03-04-2020,9114,Pitrufquén,AR,8
04-04-2020,9114,Pitrufquén,AR,10
05-04-2020,9114,Pitrufquén,AR,10
06-04-2020,9114,Pitrufquén,AR,11
07-04-2020,9114,Pitrufquén,AR,12
08-04-2020,9114,Pitrufquén,AR,12
09-04-2020,9114,Pitrufquén,AR,15
10-04-2020,9114,Pitrufquén,AR,15
11-04-2020,9114,Pitrufquén,AR,15
29-03-2020,9115,Pucón,AR,3
30-03-2020,9115,Pucón,AR,3
31-03-2020,9115,Pucón,AR,3
01-04-2020,9115,Pucón,AR,3
02-04-2020,9115,Pucón,AR,3
03-04-2020,9115,Pucón,AR,3
04-04-2020,9115,Pucón,AR,3
05-04-2020,9115,Pucón,AR,4
06-04-2020,9115,Pucón,AR,4
07-04-2020,9115,Pucón,AR,5
08-04-2020,9115,Pucón,AR,5
09-04-2020,9115,Pucón,AR,5
10-04-2020,9115,Pucón,AR,5
11-04-2020,9115,Pucón,AR,6
31-03-2020,9208,Purén,AR,1
01-04-2020,9208,Purén,AR,1
02-04-2020,9208,Purén,AR,1
03-04-2020,9208,Purén,AR,1
04-04-2020,9208,Purén,AR,1
05-04-2020,9208,Purén,AR,1
06-04-2020,9208,Purén,AR,2
07-04-2020,9208,Purén,AR,2
08-04-2020,9208,Purén,AR,2
09-04-2020,9208,Purén,AR,2
10-04-2020,9208,Purén,AR,2
11-04-2020,9208,Purén,AR,2
07-04-2020,9209,Renaico,AR,1
08-04-2020,9209,Renaico,AR,1
09-04-2020,9209,Renaico,AR,1
10-04-2020,9209,Renaico,AR,1
11-04-2020,9209,Renaico,AR,1
29-03-2020,9116,Saavedra,AR,1
30-03-2020,9116,Saavedra,AR,1
31-03-2020,9116,Saavedra,AR,1
01-04-2020,9116,Saavedra,AR,1
02-04-2020,9116,Saavedra,AR,1
03-04-2020,9116,Saavedra,AR,1
04-04-2020,9116,Saavedra,AR,1
05-04-2020,9116,Saavedra,AR,1
06-04-2020,9116,Saavedra,AR,1
07-04-2020,9116,Saavedra,AR,1
08-04-2020,9116,Saavedra,AR,1
09-04-2020,9116,Saavedra,AR,1
10-04-2020,9116,Saavedra,AR,1
11-04-2020,9116,Saavedra,AR,1
29-03-2020,9101,Temuco,AR,165
30-03-2020,9101,Temuco,AR,201
31-03-2020,9101,Temuco,AR,224
01-04-2020,9101,Temuco,AR,256
02-04-2020,9101,Temuco,AR,280
03-04-2020,9101,Temuco,AR,307
04-04-2020,9101,Temuco,AR,336
05-04-2020,9101,Temuco,AR,354
06-04-2020,9101,Temuco,AR,389
07-04-2020,9101,Temuco,AR,407
08-04-2020,9101,Temuco,AR,435
09-04-2020,9101,Temuco,AR,444
10-04-2020,9101,Temuco,AR,446
11-04-2020,9101,Temuco,AR,458
30-03-2020,9117,Teodoro Schmidt,AR,1
31-03-2020,9117,Teodoro Schmidt,AR,2
01-04-2020,9117,Teodoro Schmidt,AR,3
02-04-2020,9117,Teodoro Schmidt,AR,2
03-04-2020,9117,Teodoro Schmidt,AR,2
04-04-2020,9117,Teodoro Schmidt,AR,3
05-04-2020,9117,Teodoro Schmidt,AR,3
06-04-2020,9117,Teodoro Schmidt,AR,3
07-04-2020,9117,Teodoro Schmidt,AR,3
08-04-2020,9117,Teodoro Schmidt,AR,3
09-04-2020,9117,Teodoro Schmidt,AR,3
10-04-2020,9117,Teodoro Schmidt,AR,3
11-04-2020,9117,Teodoro Schmidt,AR,3
29-03-2020,9118,Toltén,AR,1
30-03-2020,9118,Toltén,AR,1
31-03-2020,9118,Toltén,AR,4
01-04-2020,9118,Toltén,AR,4
02-04-2020,9118,Toltén,AR,4
03-04-2020,9118,Toltén,AR,4
04-04-2020,9118,Toltén,AR,5
05-04-2020,9118,Toltén,AR,5
06-04-2020,9118,Toltén,AR,5
07-04-2020,9118,Toltén,AR,7
08-04-2020,9118,Toltén,AR,7
09-04-2020,9118,Toltén,AR,8
10-04-2020,9118,Toltén,AR,8
11-04-2020,9118,Toltén,AR,8
29-03-2020,9211,Victoria,AR,5
30-03-2020,9211,Victoria,AR,7
31-03-2020,9211,Victoria,AR,9
01-04-2020,9211,Victoria,AR,9
02-04-2020,9211,Victoria,AR,10
03-04-2020,9211,Victoria,AR,11
04-04-2020,9211,Victoria,AR,12
05-04-2020,9211,Victoria,AR,12
06-04-2020,9211,Victoria,AR,13
07-04-2020,9211,Victoria,AR,15
08-04-2020,9211,Victoria,AR,14
09-04-2020,9211,Victoria,AR,14
10-04-2020,9211,Victoria,AR,14
11-04-2020,9211,Victoria,AR,14
29-03-2020,9119,Vilcún,AR,5
30-03-2020,9119,Vilcún,AR,5
31-03-2020,9119,Vilcún,AR,6
01-04-2020,9119,Vilcún,AR,7
02-04-2020,9119,Vilcún,AR,10
03-04-2020,9119,Vilcún,AR,11
04-04-2020,9119,Vilcún,AR,14
05-04-2020,9119,Vilcún,AR,16
06-04-2020,9119,Vilcún,AR,19
07-04-2020,9119,Vilcún,AR,20
08-04-2020,9119,Vilcún,AR,20
09-04-2020,9119,Vilcún,AR,24
10-04-2020,9119,Vilcún,AR,24
11-04-2020,9119,Vilcún,AR,25
30-03-2020,9120,Villarrica,AR,1
31-03-2020,9120,Villarrica,AR,2
01-04-2020,9120,Villarrica,AR,3
02-04-2020,9120,Villarrica,AR,6
03-04-2020,9120,Villarrica,AR,6
04-04-2020,9120,Villarrica,AR,7
05-04-2020,9120,Villarrica,AR,8
06-04-2020,9120,Villarrica,AR,12
07-04-2020,9120,Villarrica,AR,15
08-04-2020,9120,Villarrica,AR,15
09-04-2020,9120,Villarrica,AR,16
10-04-2020,9120,Villarrica,AR,16
11-04-2020,9120,Villarrica,AR,16
29-03-2020,14101,Valdivia,LR,18
30-03-2020,14101,Valdivia,LR,35
31-03-2020,14101,Valdivia,LR,41
01-04-2020,14101,Valdivia,LR,46
02-04-2020,14101,Valdivia,LR,48
03-04-2020,14101,Valdivia,LR,54
04-04-2020,14101,Valdivia,LR,61
05-04-2020,14101,Valdivia,LR,64
06-04-2020,14101,Valdivia,LR,65
07-04-2020,14101,Valdivia,LR,68
08-04-2020,14101,Valdivia,LR,72
09-04-2020,14101,Valdivia,LR,76
10-04-2020,14101,Valdivia,LR,82
11-04-2020,14101,Valdivia,LR,84
29-03-2020,14201,La Unión,LR,4
30-03-2020,14201,La Unión,LR,6
31-03-2020,14201,La Unión,LR,8
01-04-2020,14201,La Unión,LR,8
02-04-2020,14201,La Unión,LR,9
03-04-2020,14201,La Unión,LR,10
04-04-2020,14201,La Unión,LR,12
05-04-2020,14201,La Unión,LR,15
06-04-2020,14201,La Unión,LR,17
07-04-2020,14201,La Unión,LR,18
08-04-2020,14201,La Unión,LR,18
09-04-2020,14201,La Unión,LR,18
10-04-2020,14201,La Unión,LR,18
11-04-2020,14201,La Unión,LR,19
29-03-2020,14204,Río Bueno,LR,2
30-03-2020,14204,Río Bueno,LR,2
31-03-2020,14204,Río Bueno,LR,2
01-04-2020,14204,Río Bueno,LR,2
02-04-2020,14204,Río Bueno,LR,2
03-04-2020,14204,Río Bueno,LR,3
04-04-2020,14204,Río Bueno,LR,4
05-04-2020,14204,Río Bueno,LR,5
06-04-2020,14204,Río Bueno,LR,5
07-04-2020,14204,Río Bueno,LR,5
08-04-2020,14204,Río Bueno,LR,5
09-04-2020,14204,Río Bueno,LR,5
10-04-2020,14204,Río Bueno,LR,5
11-04-2020,14204,Río Bueno,LR,7
29-03-2020,14202,Futrono,LR,1
30-03-2020,14202,Futrono,LR,1
31-03-2020,14202,Futrono,LR,1
01-04-2020,14202,Futrono,LR,2
02-04-2020,14202,Futrono,LR,2
03-04-2020,14202,Futrono,LR,3
04-04-2020,14202,Futrono,LR,4
05-04-2020,14202,Futrono,LR,4
06-04-2020,14202,Futrono,LR,5
07-04-2020,14202,Futrono,LR,5
08-04-2020,14202,Futrono,LR,5
09-04-2020,14202,Futrono,LR,5
10-04-2020,14202,Futrono,LR,5
11-04-2020,14202,Futrono,LR,5
29-03-2020,14203,Lago Ranco,LR,1
30-03-2020,14203,Lago Ranco,LR,1
31-03-2020,14203,Lago Ranco,LR,1
01-04-2020,14203,Lago Ranco,LR,1
02-04-2020,14203,Lago Ranco,LR,1
03-04-2020,14203,Lago Ranco,LR,2
04-04-2020,14203,Lago Ranco,LR,2
05-04-2020,14203,Lago Ranco,LR,2
06-04-2020,14203,Lago Ranco,LR,2
07-04-2020,14203,Lago Ranco,LR,2
08-04-2020,14203,Lago Ranco,LR,2
09-04-2020,14203,Lago Ranco,LR,2
10-04-2020,14203,Lago Ranco,LR,2
11-04-2020,14203,Lago Ranco,LR,2
29-03-2020,14105,Máfil,LR,1
30-03-2020,14105,Máfil,LR,1
31-03-2020,14105,Máfil,LR,1
01-04-2020,14105,Máfil,LR,1
02-04-2020,14105,Máfil,LR,1
03-04-2020,14105,Máfil,LR,1
04-04-2020,14105,Máfil,LR,1
05-04-2020,14105,Máfil,LR,1
06-04-2020,14105,Máfil,LR,1
07-04-2020,14105,Máfil,LR,1
08-04-2020,14105,Máfil,LR,1
09-04-2020,14105,Máfil,LR,1
10-04-2020,14105,Máfil,LR,1
11-04-2020,14105,Máfil,LR,1
30-03-2020,14106,Mariquina,LR,1
31-03-2020,14106,Mariquina,LR,2
01-04-2020,14106,Mariquina,LR,2
02-04-2020,14106,Mariquina,LR,3
03-04-2020,14106,Mariquina,LR,3
04-04-2020,14106,Mariquina,LR,3
05-04-2020,14106,Mariquina,LR,5
06-04-2020,14106,Mariquina,LR,6
07-04-2020,14106,Mariquina,LR,7
08-04-2020,14106,Mariquina,LR,8
09-04-2020,14106,Mariquina,LR,8
10-04-2020,14106,Mariquina,LR,8
11-04-2020,14106,Mariquina,LR,9
31-03-2020,14107,Paillaco,LR,1
01-04-2020,14107,Paillaco,LR,1
02-04-2020,14107,Paillaco,LR,1
03-04-2020,14107,Paillaco,LR,1
04-04-2020,14107,Paillaco,LR,1
05-04-2020,14107,Paillaco,LR,1
06-04-2020,14107,Paillaco,LR,1
07-04-2020,14107,Paillaco,LR,1
08-04-2020,14107,Paillaco,LR,1
09-04-2020,14107,Paillaco,LR,1
10-04-2020,14107,Paillaco,LR,1
11-04-2020,14107,Paillaco,LR,1
31-03-2020,14103,Lanco,LR,1
01-04-2020,14103,Lanco,LR,1
02-04-2020,14103,Lanco,LR,1
03-04-2020,14103,Lanco,LR,1
04-04-2020,14103,Lanco,LR,1
05-04-2020,14103,Lanco,LR,2
06-04-2020,14103,Lanco,LR,2
07-04-2020,14103,Lanco,LR,2
08-04-2020,14103,Lanco,LR,2
09-04-2020,14103,Lanco,LR,2
10-04-2020,14103,Lanco,LR,2
11-04-2020,14103,Lanco,LR,2
07-03-2020,10101,Puerto Montt,LL,1
08-03-2020,10101,Puerto Montt,LL,1
09-03-2020,10101,Puerto Montt,LL,1
10-03-2020,10101,Puerto Montt,LL,1
11-03-2020,10101,Puerto Montt,LL,1
12-03-2020,10101,Puerto Montt,LL,1
13-03-2020,10101,Puerto Montt,LL,1
14-03-2020,10101,Puerto Montt,LL,1
15-03-2020,10101,Puerto Montt,LL,1
16-03-2020,10101,Puerto Montt,LL,1
17-03-2020,10101,Puerto Montt,LL,1
18-03-2020,10101,Puerto Montt,LL,1
19-03-2020,10101,Puerto Montt,LL,1
20-03-2020,10101,Puerto Montt,LL,4
21-03-2020,10101,Puerto Montt,LL,5
22-03-2020,10101,Puerto Montt,LL,7
23-03-2020,10101,Puerto Montt,LL,7
24-03-2020,10101,Puerto Montt,LL,9
25-03-2020,10101,Puerto Montt,LL,10
26-03-2020,10101,Puerto Montt,LL,10
27-03-2020,10101,Puerto Montt,LL,11
28-03-2020,10101,Puerto Montt,LL,11
29-03-2020,10101,Puerto Montt,LL,12
30-03-2020,10101,Puerto Montt,LL,12
31-03-2020,10101,Puerto Montt,LL,14
01-04-2020,10101,Puerto Montt,LL,20
02-04-2020,10101,Puerto Montt,LL,22
03-04-2020,10101,Puerto Montt,LL,25
04-04-2020,10101,Puerto Montt,LL,31
05-04-2020,10101,Puerto Montt,LL,32
06-04-2020,10101,Puerto Montt,LL,35
07-04-2020,10101,Puerto Montt,LL,38
08-04-2020,10101,Puerto Montt,LL,38
09-04-2020,10101,Puerto Montt,LL,39
10-04-2020,10101,Puerto Montt,LL,39
11-04-2020,10101,Puerto Montt,LL,42
19-03-2020,10109,Puerto Varas,LL,1
20-03-2020,10109,Puerto Varas,LL,1
21-03-2020,10109,Puerto Varas,LL,1
22-03-2020,10109,Puerto Varas,LL,1
23-03-2020,10109,Puerto Varas,LL,1
24-03-2020,10109,Puerto Varas,LL,1
25-03-2020,10109,Puerto Varas,LL,1
26-03-2020,10109,Puerto Varas,LL,1
27-03-2020,10109,Puerto Varas,LL,1
28-03-2020,10109,Puerto Varas,LL,1
29-03-2020,10109,Puerto Varas,LL,1
30-03-2020,10109,Puerto Varas,LL,1
31-03-2020,10109,Puerto Varas,LL,1
01-04-2020,10109,Puerto Varas,LL,1
02-04-2020,10109,Puerto Varas,LL,2
03-04-2020,10109,Puerto Varas,LL,2
04-04-2020,10109,Puerto Varas,LL,2
05-04-2020,10109,Puerto Varas,LL,3
06-04-2020,10109,Puerto Varas,LL,4
07-04-2020,10109,Puerto Varas,LL,4
08-04-2020,10109,Puerto Varas,LL,4
09-04-2020,10109,Puerto Varas,LL,4
10-04-2020,10109,Puerto Varas,LL,4
11-04-2020,10109,Puerto Varas,LL,4
21-03-2020,10102,Calbuco,LL,1
22-03-2020,10102,Calbuco,LL,2
23-03-2020,10102,Calbuco,LL,2
24-03-2020,10102,Calbuco,LL,2
25-03-2020,10102,Calbuco,LL,3
26-03-2020,10102,Calbuco,LL,4
27-03-2020,10102,Calbuco,LL,4
28-03-2020,10102,Calbuco,LL,4
29-03-2020,10102,Calbuco,LL,4
30-03-2020,10102,Calbuco,LL,4
31-03-2020,10102,Calbuco,LL,5
01-04-2020,10102,Calbuco,LL,5
02-04-2020,10102,Calbuco,LL,5
03-04-2020,10102,Calbuco,LL,5
04-04-2020,10102,Calbuco,LL,5
05-04-2020,10102,Calbuco,LL,5
06-04-2020,10102,Calbuco,LL,5
07-04-2020,10102,Calbuco,LL,5
08-04-2020,10102,Calbuco,LL,5
09-04-2020,10102,Calbuco,LL,5
10-04-2020,10102,Calbuco,LL,5
11-04-2020,10102,Calbuco,LL,5
18-03-2020,10301,Osorno,LL,1
19-03-2020,10301,Osorno,LL,1
20-03-2020,10301,Osorno,LL,2
21-03-2020,10301,Osorno,LL,6
22-03-2020,10301,Osorno,LL,6
23-03-2020,10301,Osorno,LL,9
24-03-2020,10301,Osorno,LL,13
25-03-2020,10301,Osorno,LL,25
26-03-2020,10301,Osorno,LL,25
27-03-2020,10301,Osorno,LL,46
28-03-2020,10301,Osorno,LL,56
29-03-2020,10301,Osorno,LL,80
30-03-2020,10301,Osorno,LL,97
31-03-2020,10301,Osorno,LL,99
01-04-2020,10301,Osorno,LL,122
02-04-2020,10301,Osorno,LL,137
03-04-2020,10301,Osorno,LL,163
04-04-2020,10301,Osorno,LL,175
05-04-2020,10301,Osorno,LL,188
06-04-2020,10301,Osorno,LL,191
07-04-2020,10301,Osorno,LL,196
08-04-2020,10301,Osorno,LL,207
09-04-2020,10301,Osorno,LL,217
10-04-2020,10301,Osorno,LL,219
11-04-2020,10301,Osorno,LL,227
25-03-2020,10106,Los Muermos,LL,1
26-03-2020,10106,Los Muermos,LL,1
27-03-2020,10106,Los Muermos,LL,1
28-03-2020,10106,Los Muermos,LL,1
29-03-2020,10106,Los Muermos,LL,1
30-03-2020,10106,Los Muermos,LL,1
31-03-2020,10106,Los Muermos,LL,1
01-04-2020,10106,Los Muermos,LL,1
02-04-2020,10106,Los Muermos,LL,1
03-04-2020,10106,Los Muermos,LL,1
04-04-2020,10106,Los Muermos,LL,1
05-04-2020,10106,Los Muermos,LL,1
06-04-2020,10106,Los Muermos,LL,1
07-04-2020,10106,Los Muermos,LL,1
08-04-2020,10106,Los Muermos,LL,1
09-04-2020,10106,Los Muermos,LL,1
10-04-2020,10106,Los Muermos,LL,1
11-04-2020,10106,Los Muermos,LL,1
30-03-2020,10403,Hualaihué,LL,1
31-03-2020,10403,Hualaihué,LL,3
01-04-2020,10403,Hualaihué,LL,3
02-04-2020,10403,Hualaihué,LL,3
03-04-2020,10403,Hualaihué,LL,3
04-04-2020,10403,Hualaihué,LL,3
05-04-2020,10403,Hualaihué,LL,3
06-04-2020,10403,Hualaihué,LL,3
07-04-2020,10403,Hualaihué,LL,3
08-04-2020,10403,Hualaihué,LL,3
09-04-2020,10403,Hualaihué,LL,3
10-04-2020,10403,Hualaihué,LL,3
11-04-2020,10403,Hualaihué,LL,3
10-04-2020,10108,Maullín,LL,1
11-04-2020,10108,Maullín,LL,1
20-03-2020,10304,Puyehue,LL,1
21-03-2020,10304,Puyehue,LL,1
22-03-2020,10304,Puyehue,LL,1
23-03-2020,10304,Puyehue,LL,1
24-03-2020,10304,Puyehue,LL,1
25-03-2020,10304,Puyehue,LL,1
26-03-2020,10304,Puyehue,LL,1
27-03-2020,10304,Puyehue,LL,1
28-03-2020,10304,Puyehue,LL,1
29-03-2020,10304,Puyehue,LL,1
30-03-2020,10304,Puyehue,LL,1
31-03-2020,10304,Puyehue,LL,1
01-04-2020,10304,Puyehue,LL,1
02-04-2020,10304,Puyehue,LL,1
03-04-2020,10304,Puyehue,LL,1
04-04-2020,10304,Puyehue,LL,1
05-04-2020,10304,Puyehue,LL,1
06-04-2020,10304,Puyehue,LL,1
07-04-2020,10304,Puyehue,LL,1
08-04-2020,10304,Puyehue,LL,2
09-04-2020,10304,Puyehue,LL,2
10-04-2020,10304,Puyehue,LL,2
11-04-2020,10304,Puyehue,LL,2
27-03-2020,10307,San Pablo,LL,1
28-03-2020,10307,San Pablo,LL,1
29-03-2020,10307,San Pablo,LL,1
30-03-2020,10307,San Pablo,LL,2
31-03-2020,10307,San Pablo,LL,2
01-04-2020,10307,San Pablo,LL,2
02-04-2020,10307,San Pablo,LL,2
03-04-2020,10307,San Pablo,LL,2
04-04-2020,10307,San Pablo,LL,2
05-04-2020,10307,San Pablo,LL,2
06-04-2020,10307,San Pablo,LL,2
07-04-2020,10307,San Pablo,LL,3
08-04-2020,10307,San Pablo,LL,6
09-04-2020,10307,San Pablo,LL,6
10-04-2020,10307,San Pablo,LL,6
11-04-2020,10307,San Pablo,LL,6
28-03-2020,10302,Puerto Octay,LL,1
29-03-2020,10302,Puerto Octay,LL,1
30-03-2020,10302,Puerto Octay,LL,1
31-03-2020,10302,Puerto Octay,LL,1
01-04-2020,10302,Puerto Octay,LL,1
02-04-2020,10302,Puerto Octay,LL,1
03-04-2020,10302,Puerto Octay,LL,1
04-04-2020,10302,Puerto Octay,LL,1
05-04-2020,10302,Puerto Octay,LL,1
06-04-2020,10302,Puerto Octay,LL,1
07-04-2020,10302,Puerto Octay,LL,1
08-04-2020,10302,Puerto Octay,LL,1
09-04-2020,10302,Puerto Octay,LL,1
10-04-2020,10302,Puerto Octay,LL,1
11-04-2020,10302,Puerto Octay,LL,1
28-03-2020,10305,Río Negro,LL,1
29-03-2020,10305,Río Negro,LL,1
30-03-2020,10305,Río Negro,LL,1
31-03-2020,10305,Río Negro,LL,1
01-04-2020,10305,Río Negro,LL,1
02-04-2020,10305,Río Negro,LL,1
03-04-2020,10305,Río Negro,LL,1
04-04-2020,10305,Río Negro,LL,1
05-04-2020,10305,Río Negro,LL,1
06-04-2020,10305,Río Negro,LL,1
07-04-2020,10305,Río Negro,LL,1
08-04-2020,10305,Río Negro,LL,1
09-04-2020,10305,Río Negro,LL,2
10-04-2020,10305,Río Negro,LL,2
11-04-2020,10305,Río Negro,LL,2
26-03-2020,10201,Castro,LL,1
27-03-2020,10201,Castro,LL,1
28-03-2020,10201,Castro,LL,1
29-03-2020,10201,Castro,LL,1
30-03-2020,10201,Castro,LL,1
31-03-2020,10201,Castro,LL,1
01-04-2020,10201,Castro,LL,1
02-04-2020,10201,Castro,LL,1
03-04-2020,10201,Castro,LL,1
04-04-2020,10201,Castro,LL,1
05-04-2020,10201,Castro,LL,2
06-04-2020,10201,Castro,LL,4
07-04-2020,10201,Castro,LL,4
08-04-2020,10201,Castro,LL,6
09-04-2020,10201,Castro,LL,7
10-04-2020,10201,Castro,LL,7
11-04-2020,10201,Castro,LL,7
08-04-2020,10202,Ancud,LL,2
09-04-2020,10202,Ancud,LL,3
10-04-2020,10202,Ancud,LL,3
11-04-2020,10202,Ancud,LL,3
26-03-2020,10210,Quinchao,LL,1
27-03-2020,10210,Quinchao,LL,1
28-03-2020,10210,Quinchao,LL,1
29-03-2020,10210,Quinchao,LL,1
30-03-2020,10210,Quinchao,LL,1
31-03-2020,10210,Quinchao,LL,1
01-04-2020,10210,Quinchao,LL,1
02-04-2020,10210,Quinchao,LL,1
03-04-2020,10210,Quinchao,LL,1
04-04-2020,10210,Quinchao,LL,1
05-04-2020,10210,Quinchao,LL,1
06-04-2020,10210,Quinchao,LL,1
07-04-2020,10210,Quinchao,LL,1
08-04-2020,10210,Quinchao,LL,1
09-04-2020,10210,Quinchao,LL,1
10-04-2020,10210,Quinchao,LL,1
11-04-2020,10210,Quinchao,LL,1
01-04-2020,10401,Chaitén,LL,1
02-04-2020,10401,Chaitén,LL,1
03-04-2020,10401,Chaitén,LL,1
04-04-2020,10401,Chaitén,LL,1
05-04-2020,10401,Chaitén,LL,1
06-04-2020,10401,Chaitén,LL,1
07-04-2020,10401,Chaitén,LL,1
08-04-2020,10401,Chaitén,LL,1
09-04-2020,10401,Chaitén,LL,1
10-04-2020,10401,Chaitén,LL,1
11-04-2020,10401,Chaitén,LL,1
03-04-2020,10105,Frutillar,LL,1
04-04-2020,10105,Frutillar,LL,1
05-04-2020,10105,Frutillar,LL,2
06-04-2020,10105,Frutillar,LL,3
07-04-2020,10105,Frutillar,LL,3
08-04-2020,10105,Frutillar,LL,4
09-04-2020,10105,Frutillar,LL,4
10-04-2020,10105,Frutillar,LL,4
11-04-2020,10105,Frutillar,LL,4
04-04-2020,10306,San Juan de la Costa,LL,7
05-04-2020,10306,San Juan de la Costa,LL,7
06-04-2020,10306,San Juan de la Costa,LL,7
07-04-2020,10306,San Juan de la Costa,LL,8
08-04-2020,10306,San Juan de la Costa,LL,11
09-04-2020,10306,San Juan de la Costa,LL,11
10-04-2020,10306,San Juan de la Costa,LL,11
11-04-2020,10306,San Juan de la Costa,LL,12
02-04-2020,10303,Purranque,LL,4
03-04-2020,10303,Purranque,LL,5
04-04-2020,10303,Purranque,LL,5
05-04-2020,10303,Purranque,LL,5
06-04-2020,10303,Purranque,LL,5
07-04-2020,10303,Purranque,LL,8
08-04-2020,10303,Purranque,LL,11
09-04-2020,10303,Purranque,LL,12
10-04-2020,10303,Purranque,LL,16
11-04-2020,10303,Purranque,LL,19
18-03-2020,10999,Barco Silver Explorer,LL,5
19-03-2020,10999,Barco Silver Explorer,LL,13
20-03-2020,10999,Barco Silver Explorer,LL,15
21-03-2020,10999,Barco Silver Explorer,LL,15
22-03-2020,10999,Barco Silver Explorer,LL,16
23-03-2020,10999,Barco Silver Explorer,LL,16
24-03-2020,10999,Barco Silver Explorer,LL,18
25-03-2020,10999,Barco Silver Explorer,LL,18
26-03-2020,10999,Barco Silver Explorer,LL,18
27-03-2020,10999,Barco Silver Explorer,LL,19
28-03-2020,10999,Barco Silver Explorer,LL,19
29-03-2020,10999,Barco Silver Explorer,LL,19
30-03-2020,10999,Barco Silver Explorer,LL,21
31-03-2020,10999,Barco Silver Explorer,LL,21
01-04-2020,10999,Barco Silver Explorer,LL,21
02-04-2020,10999,Barco Silver Explorer,LL,21
03-04-2020,10999,Barco Silver Explorer,LL,21
04-04-2020,10999,Barco Silver Explorer,LL,21
05-04-2020,10999,Barco Silver Explorer,LL,21
06-04-2020,10999,Barco Silver Explorer,LL,21
07-04-2020,10999,Barco Silver Explorer,LL,21
08-04-2020,10999,Barco Silver Explorer,LL,21
09-04-2020,10999,Barco Silver Explorer,LL,21
10-04-2020,10999,Barco Silver Explorer,LL,21
11-04-2020,10999,Barco Silver Explorer,LL,21
26-03-2020,11101,Coyhaique,AI,1
27-03-2020,11101,Coyhaique,AI,1
28-03-2020,11101,Coyhaique,AI,1
29-03-2020,11101,Coyhaique,AI,1
30-03-2020,11101,Coyhaique,AI,1
31-03-2020,11101,Coyhaique,AI,1
01-04-2020,11101,Coyhaique,AI,1
02-04-2020,11101,Coyhaique,AI,1
03-04-2020,11101,Coyhaique,AI,1
04-04-2020,11101,Coyhaique,AI,1
05-04-2020,11101,Coyhaique,AI,1
06-04-2020,11101,Coyhaique,AI,1
07-04-2020,11101,Coyhaique,AI,1
08-04-2020,11101,Coyhaique,AI,1
09-04-2020,11101,Coyhaique,AI,1
10-04-2020,11101,Coyhaique,AI,1
11-04-2020,11101,Coyhaique,AI,1
05-04-2020,11401,Chile Chico,AI,1
06-04-2020,11401,Chile Chico,AI,1
07-04-2020,11401,Chile Chico,AI,1
08-04-2020,11401,Chile Chico,AI,1
09-04-2020,11401,Chile Chico,AI,1
10-04-2020,11401,Chile Chico,AI,1
11-04-2020,11401,Chile Chico,AI,1
14-03-2020,11303,Tortel,AI,1
15-03-2020,11303,Tortel,AI,1
16-03-2020,11303,Tortel,AI,1
17-03-2020,11303,Tortel,AI,1
18-03-2020,11303,Tortel,AI,1
19-03-2020,11303,Tortel,AI,1
20-03-2020,11303,Tortel,AI,1
21-03-2020,11303,Tortel,AI,1
22-03-2020,11303,Tortel,AI,1
23-03-2020,11303,Tortel,AI,1
24-03-2020,11303,Tortel,AI,1
25-03-2020,11303,Tortel,AI,1
26-03-2020,11303,Tortel,AI,1
27-03-2020,11303,Tortel,AI,1
28-03-2020,11303,Tortel,AI,1
29-03-2020,11303,Tortel,AI,1
30-03-2020,11303,Tortel,AI,1
31-03-2020,11303,Tortel,AI,1
01-04-2020,11303,Tortel,AI,1
02-04-2020,11303,Tortel,AI,1
03-04-2020,11303,Tortel,AI,1
04-04-2020,11303,Tortel,AI,1
05-04-2020,11303,Tortel,AI,1
06-04-2020,11303,Tortel,AI,1
07-04-2020,11303,Tortel,AI,1
08-04-2020,11303,Tortel,AI,1
09-04-2020,11303,Tortel,AI,1
10-04-2020,11303,Tortel,AI,1
11-04-2020,11303,Tortel,AI,1
30-03-2020,11201,Aysén,AI,1
31-03-2020,11201,Aysén,AI,1
01-04-2020,11201,Aysén,AI,1
02-04-2020,11201,Aysén,AI,3
03-04-2020,11201,Aysén,AI,4
04-04-2020,11201,Aysén,AI,4
05-04-2020,11201,Aysén,AI,4
06-04-2020,11201,Aysén,AI,4
07-04-2020,11201,Aysén,AI,4
08-04-2020,11201,Aysén,AI,4
09-04-2020,11201,Aysén,AI,4
10-04-2020,11201,Aysén,AI,4
11-04-2020,11201,Aysén,AI,4
17-03-2020,12101,Punta Arenas,MA,2
18-03-2020,12101,Punta Arenas,MA,2
19-03-2020,12101,Punta Arenas,MA,2
20-03-2020,12101,Punta Arenas,MA,2
21-03-2020,12101,Punta Arenas,MA,3
22-03-2020,12101,Punta Arenas,MA,4
23-03-2020,12101,Punta Arenas,MA,6
24-03-2020,12101,Punta Arenas,MA,8
25-03-2020,12101,Punta Arenas,MA,12
26-03-2020,12101,Punta Arenas,MA,20
27-03-2020,12101,Punta Arenas,MA,22
28-03-2020,12101,Punta Arenas,MA,30
29-03-2020,12101,Punta Arenas,MA,32
30-03-2020,12101,Punta Arenas,MA,34
31-03-2020,12101,Punta Arenas,MA,53
01-04-2020,12101,Punta Arenas,MA,87
02-04-2020,12101,Punta Arenas,MA,101
03-04-2020,12101,Punta Arenas,MA,142
04-04-2020,12101,Punta Arenas,MA,157
05-04-2020,12101,Punta Arenas,MA,173
06-04-2020,12101,Punta Arenas,MA,203
07-04-2020,12101,Punta Arenas,MA,219
08-04-2020,12101,Punta Arenas,MA,245
09-04-2020,12101,Punta Arenas,MA,264
10-04-2020,12101,Punta Arenas,MA,309
11-04-2020,12101,Punta Arenas,MA,349
25-03-2020,12201,Cabo de Hornos,MA,2
26-03-2020,12201,Cabo de Hornos,MA,2
27-03-2020,12201,Cabo de Hornos,MA,2
28-03-2020,12201,Cabo de Hornos,MA,2
29-03-2020,12201,Cabo de Hornos,MA,6
30-03-2020,12201,Cabo de Hornos,MA,6
31-03-2020,12201,Cabo de Hornos,MA,6
01-04-2020,12201,Cabo de Hornos,MA,6
02-04-2020,12201,Cabo de Hornos,MA,6
03-04-2020,12201,Cabo de Hornos,MA,6
04-04-2020,12201,Cabo de Hornos,MA,6
05-04-2020,12201,Cabo de Hornos,MA,9
06-04-2020,12201,Cabo de Hornos,MA,10
07-04-2020,12201,Cabo de Hornos,MA,12
08-04-2020,12201,Cabo de Hornos,MA,12
09-04-2020,12201,Cabo de Hornos,MA,13
10-04-2020,12201,Cabo de Hornos,MA,13
11-04-2020,12201,Cabo de Hornos,MA,18
28-03-2020,12401,Natales,MA,1
29-03-2020,12401,Natales,MA,1
30-03-2020,12401,Natales,MA,3
31-03-2020,12401,Natales,MA,3
01-04-2020,12401,Natales,MA,4
02-04-2020,12401,Natales,MA,4
03-04-2020,12401,Natales,MA,5
04-04-2020,12401,Natales,MA,5
05-04-2020,12401,Natales,MA,5
06-04-2020,12401,Natales,MA,5
07-04-2020,12401,Natales,MA,6
08-04-2020,12401,Natales,MA,6
09-04-2020,12401,Natales,MA,6
10-04-2020,12401,Natales,MA,6
11-04-2020,12401,Natales,MA,6
31-03-2020,12301,Porvenir,MA,1
01-04-2020,12301,Porvenir,MA,2
02-04-2020,12301,Porvenir,MA,3
03-04-2020,12301,Porvenir,MA,3
04-04-2020,12301,Porvenir,MA,4
05-04-2020,12301,Porvenir,MA,3
06-04-2020,12301,Porvenir,MA,3
07-04-2020,12301,Porvenir,MA,3
08-04-2020,12301,Porvenir,MA,3
09-04-2020,12301,Porvenir,MA,3
10-04-2020,12301,Porvenir,MA,3
11-04-2020,12301,Porvenir,MA,4